"user_id","is_gone"
12,0.26
13,0.79
15,0.12
21,0.67
35,0.62
45,0.93
55,0.34
58,0.2
62,0.82
74,0.81
81,0.35
102,0.52
105,0.85
112,0.54
113,0.79
119,0.61
124,0.19
140,0.23
141,0.88
150,0.25
162,0.73
164,0.57
167,0.31
177,0.02
186,0.99
195,0.73
198,0.37
200,0.91
204,0.01
207,0.69
208,0.56
212,0.79
235,0.24
242,0.94
248,0.07
253,0.5
260,0.02
261,0.51
271,0.95
298,0.01
303,0.35
324,0.93
328,0.02
331,0.45
335,0.75
341,0.03
355,0.04
363,0.53
367,0.67
373,0.25
391,0.53
409,0.95
411,0.09
417,0.78
424,0.12
430,0.39
448,0.38
460,0.2
465,0.11
467,0.14
474,0.98
486,0.34
498,0.84
530,0.23
557,0.62
561,0.83
565,0.81
567,0.32
570,0.45
574,0.72
578,0.36
586,0.74
593,0.18
599,0.99
601,0.64
602,0.63
613,0.36
659,0.32
664,0.08
672,0.54
683,0.14
693,0.72
704,0.29
723,0.19
725,0.75
739,0.44
744,0.55
747,0.63
754,0.88
765,0.76
770,0.93
804,0.93
837,0.28
880,0.46
886,0.55
898,0.91
901,0.44
904,0.58
920,0.4
953,0.67
960,0.32
970,0.52
972,0.77
980,0.17
988,0.37
1003,0.34
1041,0.24
1044,0.8
1049,0
1054,0.28
1061,0.74
1087,0.02
1092,0.46
1100,0.22
1134,0.02
1137,0.08
1145,0.42
1149,0.83
1153,0.69
1154,0.68
1156,0.86
1164,0.44
1171,0.33
1187,0.32
1211,0.08
1245,0.77
1246,0.47
1274,0.81
1302,0.33
1313,0.96
1314,0.01
1341,0.55
1347,0.07
1354,0.29
1356,0.05
1358,0.07
1359,0.85
1365,0.94
1367,0.56
1375,0
1392,0.98
1412,0.73
1413,0.37
1420,0.59
1426,0.73
1438,0.06
1441,0.27
1442,0.08
1457,0.98
1458,0.5
1459,0.85
1460,0.53
1464,0.63
1472,0.8
1488,0.32
1510,0.8
1520,0.17
1541,0.81
1543,0.61
1550,0.22
1551,0.58
1554,0.33
1556,0.01
1563,0.06
1571,0.1
1580,0.31
1584,0.98
1597,0.93
1611,0.45
1619,0.18
1620,0.84
1623,0.05
1630,0.17
1640,0.59
1674,0.72
1690,0.55
1693,0.69
1704,0.16
1719,0.13
1720,0.82
1725,0.71
1731,0.41
1747,0.07
1748,0.27
1751,0.69
1767,0.71
1782,0.7
1785,0.23
1786,1
1797,0.87
1800,0.22
1803,0.98
1821,0.07
1822,0.03
1832,0.19
1835,0.02
1840,0.32
1849,0.43
1873,0.82
1882,0.5
1887,0.47
1893,0.37
1918,0.49
1953,0.51
1956,0.41
1960,0.35
1961,0.5
1962,0.06
1967,0.99
1988,0.46
2016,0.06
2018,0.74
2019,0.97
2026,0.96
2034,0.27
2042,0.28
2044,0.01
2069,0.16
2079,0.78
2101,0.58
2107,0.06
2109,0.79
2111,0.59
2117,0.16
2120,0.18
2149,0.57
2172,0.72
2174,0.95
2180,0.91
2201,0.02
2203,0.56
2220,0.44
2231,0.93
2270,0.4
2299,0.79
2305,0.81
2306,0.15
2316,0.62
2317,0.49
2343,0.24
2347,0.99
2365,0.11
2376,0.05
2380,0.12
2382,0.01
2384,0.28
2398,0.76
2423,0.96
2426,0.39
2430,0.2
2434,0.76
2435,0.22
2439,0.69
2465,0.96
2494,0
2501,0.46
2504,0.76
2517,0.78
2524,0.22
2531,0.94
2535,0.72
2540,0.97
2544,0.43
2545,0.3
2558,0.77
2563,0.58
2603,0.35
2607,0.91
2610,0.25
2628,0.76
2645,0.83
2669,0.08
2676,0.01
2688,0.48
2720,0.87
2738,0.76
2760,0.51
2769,0.9
2771,0.13
2772,0.99
2782,0.46
2808,0.64
2815,0.65
2819,0.98
2823,0.87
2827,0.05
2834,0.55
2860,0.14
2862,0.47
2863,0.17
2864,0.04
2866,0.6
2869,0.2
2871,0.09
2880,0.83
2893,0.58
2897,0.42
2898,0.12
2906,0.27
2907,0.72
2911,0.17
2914,0.79
2920,0.16
2921,0.62
2939,0.13
2947,0.86
2973,0.6
2974,0.73
2976,0.97
2977,0.53
2992,0.05
2994,0.28
3002,0.1
3008,0.66
3024,0.93
3031,0.06
3043,0.78
3077,0.44
3086,0.1
3093,0.99
3108,0.37
3110,0.5
3114,0.56
3115,0.28
3128,0.29
3141,0.63
3172,0.62
3192,0.41
3212,0.61
3214,0.83
3216,0.23
3217,0.41
3227,0.96
3235,0.61
3238,0.27
3239,0.7
3267,0.24
3274,0.3
3276,0.42
3305,0.86
3313,0.57
3314,0.16
3349,0.48
3351,0.36
3370,0.48
3388,0.01
3400,0.59
3401,0.53
3402,0.21
3403,0.56
3404,0.32
3414,0.23
3418,0.66
3420,0.82
3434,0.65
3435,0.7
3439,0.85
3443,0.37
3494,0.86
3502,0.31
3513,0.89
3514,0.19
3515,0.37
3539,0.05
3575,0.88
3596,0.32
3608,0.5
3628,0.75
3631,0.41
3650,0.75
3653,0.73
3662,0.79
3671,0.55
3689,0.02
3690,0.68
3696,0.82
3707,0.88
3729,0.87
3748,0.01
3752,0.35
3753,0.61
3768,0.88
3773,0.67
3776,0.33
3781,0.86
3793,0.09
3803,0.94
3805,0.1
3811,0.24
3818,0.02
3820,0.12
3835,0.43
3872,0.38
3885,0.99
3889,0.29
3902,0.69
3919,0.84
3924,0.77
3934,0.48
3939,0.19
3940,0.72
3944,0.33
3953,0.52
3959,0.33
3970,0.78
3981,0.31
3982,0.33
3984,0.87
4016,0.82
4018,0.76
4035,0.67
4042,0.39
4046,0.31
4063,0.36
4064,0.7
4065,0.1
4070,0.9
4077,0.7
4094,0.86
4109,0.26
4116,0.91
4118,0.07
4125,0.4
4140,0.56
4145,0.52
4159,0.15
4165,0.43
4178,0.14
4186,0.78
4194,0.09
4196,0.26
4217,0.48
4219,0.56
4224,0.76
4233,0.25
4242,0.72
4244,0.23
4247,0.71
4254,0.67
4261,0.53
4269,0.69
4301,0.31
4322,0.27
4329,0.66
4330,0.35
4337,0.63
4345,0.92
4368,0.15
4378,0.02
4408,0.92
4410,0.44
4414,0.01
4424,0.43
4426,0.77
4436,0.8
4459,0.27
4473,0.62
4485,0.23
4487,0.59
4488,0.99
4489,0.99
4501,0.58
4511,0.83
4523,0.42
4543,0.16
4549,0.05
4559,0.34
4562,0.2
4564,0.12
4569,0.48
4593,0.81
4604,0.7
4616,0.05
4623,0.55
4626,0.52
4630,0.73
4650,0.19
4651,0.36
4689,0.23
4691,0.08
4706,0.47
4707,0.83
4717,0.56
4736,0.07
4752,0.45
4775,0.07
4777,0.29
4785,0.24
4790,0.18
4797,0.57
4801,0.8
4816,0.55
4820,0.27
4835,0.59
4839,0.41
4845,0.21
4848,0.23
4858,0.22
4863,0.3
4876,0.59
4896,0.2
4897,0.58
4910,0.38
4915,0.19
4916,0.04
4926,0.32
4927,0.65
4932,0.3
4951,1
4960,0.25
4976,0.13
4992,0.92
4993,0.1
5012,0.36
5025,0.49
5026,0.97
5030,0.67
5031,0.41
5034,0.52
5041,0.31
5047,0.41
5060,0.77
5066,0.56
5077,0.21
5090,0.45
5091,0
5101,0.69
5104,0.22
5107,0.2
5114,0.1
5115,0.16
5127,0.24
5128,0.11
5137,0.09
5138,0.12
5144,0.16
5173,0.73
5182,0.59
5188,0.25
5208,0.49
5227,0.74
5230,0.62
5233,0.57
5236,0.54
5249,0.81
5252,0.24
5261,1
5264,0.2
5267,0.18
5269,0.88
5271,0.83
5281,0.22
5285,0.83
5291,0.92
5297,0.32
5304,0.2
5306,0.33
5320,0.43
5321,0.05
5326,0.74
5329,0.56
5333,0.7
5336,0.28
5337,0.14
5343,0.42
5348,0.85
5366,0.94
5372,0.5
5388,0.92
5391,0.04
5397,0.72
5399,0.5
5400,0.19
5408,0.98
5414,0.5
5418,0.21
5423,0.75
5428,0.08
5433,0.49
5441,0.86
5447,0.59
5457,0.92
5463,0.62
5477,0.38
5507,0.15
5522,0.49
5536,0.04
5544,0.17
5549,0.34
5566,0.39
5574,0.85
5578,0.7
5580,0.73
5635,0.73
5640,0.84
5644,0.85
5657,0.84
5684,0.5
5713,0.91
5719,0.29
5727,0.58
5731,0.79
5749,0.78
5750,0.83
5755,0.4
5762,0.07
5774,0.12
5775,0.7
5778,0.62
5780,0.37
5797,0.34
5811,0.59
5822,0.34
5823,0.59
5835,0.34
5838,0.41
5860,0.75
5883,0.26
5899,0.69
5905,0.81
5957,0.88
5966,0.39
5982,0.88
6004,0.07
6046,0.17
6047,0.35
6060,0.55
6061,0.28
6066,0.01
6076,0.36
6077,0.74
6084,0.48
6096,0.71
6098,0.9
6099,0.45
6120,0.7
6136,0.21
6142,0.09
6145,0.17
6164,0.41
6178,0.26
6193,0.75
6204,0.47
6225,0.46
6235,0.22
6251,0.75
6254,0.92
6255,0.86
6265,0.85
6291,0.89
6296,0.41
6312,0.1
6314,0.6
6340,0.26
6347,0.45
6348,0.96
6351,0.81
6385,0.89
6387,0.5
6389,0.43
6392,0.81
6409,0.37
6411,0.69
6414,0.67
6440,0.56
6448,0.09
6449,0.79
6460,0.57
6475,0.42
6494,0.92
6511,0.18
6513,0.46
6514,0.72
6534,0.27
6545,0.26
6549,0.63
6553,0.32
6570,0.18
6596,0.54
6614,0.11
6621,0.73
6624,0.8
6627,0.28
6650,0.1
6653,0.3
6678,0.62
6680,0.84
6688,0.64
6709,0.77
6723,0.32
6741,0.45
6756,0.96
6763,0.95
6765,0.59
6767,0.31
6780,0.03
6785,0.54
6788,0.63
6792,0.5
6798,0.88
6802,0.75
6810,0.49
6813,0.87
6826,0.77
6835,0.6
6869,0.92
6874,0.47
6876,0.28
6882,0.03
6887,0.91
6909,0.73
6925,0.48
6932,0.39
6952,0.4
6988,0.32
6989,0.39
7002,0.11
7017,0.18
7042,0.71
7043,0.98
7052,0.42
7068,0.21
7084,0.8
7085,0.8
7086,0.08
7093,0.14
7096,0.46
7101,0.94
7102,0.55
7114,0.16
7118,0.25
7130,0.59
7147,0.99
7150,0.3
7156,0.87
7179,0.62
7182,0.82
7185,0.67
7186,0.29
7188,0.7
7207,0.01
7210,0.01
7211,0.3
7216,0.16
7219,0.42
7221,0.41
7246,0.73
7252,0.85
7253,0.72
7263,0.9
7269,0.6
7274,0.32
7286,0.8
7308,0.17
7326,0.96
7328,0.7
7339,0.02
7347,0.24
7360,0.61
7361,0.52
7373,0.29
7374,0.14
7379,0.78
7406,0.77
7408,0.2
7426,0.06
7427,0.47
7432,0.1
7439,0.33
7445,0.57
7446,0.71
7464,0.7
7473,0.49
7477,0.61
7482,0.65
7486,0.97
7492,0.97
7500,0.19
7508,0.52
7519,0.65
7524,0.7
7528,0.14
7539,0.73
7543,0.37
7550,0.54
7572,0.08
7573,0.65
7597,0.12
7601,0.08
7603,0.24
7638,0.49
7650,0.01
7698,0.24
7706,0.02
7710,0.01
7719,0.92
7723,0.97
7731,0.48
7748,0.93
7764,0.71
7770,0.66
7792,0.81
7796,0.94
7808,0.88
7829,0.52
7832,0.18
7834,0.32
7857,0
7878,0.36
7882,0.93
7898,0.78
7915,0.2
7918,0.92
7919,0.04
7920,0.96
7930,0.76
7938,0.32
7954,0.81
7956,0.28
7961,0.15
7969,0.26
7976,0.09
7980,0.31
7984,0.9
7989,0.17
7994,0.18
8006,0.57
8007,0.97
8008,0.33
8016,0.7
8029,0.24
8042,0.02
8064,0.96
8083,0.97
8085,0.92
8093,0.29
8109,0.16
8121,0.09
8144,0.58
8147,0.07
8153,0.29
8163,0.82
8173,0.9
8178,0.48
8187,0.84
8209,0.74
8210,0
8221,0.88
8230,0.41
8237,0.01
8241,0.93
8243,0.14
8257,0.07
8266,0.5
8270,0.48
8286,0.88
8293,0.67
8314,0.08
8317,0.17
8321,0.27
8330,0.43
8336,0.75
8340,0.76
8349,0.46
8366,0.8
8368,0.9
8390,0.48
8393,0.64
8414,0.23
8425,0.1
8430,0.67
8434,0.17
8440,0.24
8495,0.63
8497,0.35
8502,0.44
8505,0.83
8511,0.05
8518,0.14
8520,0.86
8534,0.44
8544,0.99
8550,0.27
8567,0.75
8568,0.97
8585,0.79
8588,0.01
8590,0.11
8599,0.1
8608,0.06
8611,0.76
8640,0.6
8644,0.16
8658,0.42
8670,0.67
8674,0.87
8676,0.5
8687,0.24
8688,0.04
8698,0.39
8707,0.28
8708,0.08
8709,0.01
8713,0.21
8716,0.72
8720,0.63
8728,0.22
8730,0.11
8736,0.85
8754,0.81
8769,0.05
8772,0.57
8789,0.62
8794,0.77
8804,0.49
8813,0.34
8819,0.79
8822,0.22
8824,0.03
8836,0.54
8838,0.31
8839,0.64
8841,0.75
8842,0.88
8848,0.21
8849,0.72
8854,0.29
8859,0.27
8861,0.19
8868,0.13
8876,0.16
8896,0.17
8902,0.39
8920,0.9
8933,0.79
8934,0.86
8968,0.74
8970,0.51
8974,0.62
9006,0.23
9032,0.99
9034,0.78
9044,0.57
9045,0.29
9046,0.32
9054,0.64
9064,0.5
9074,0.34
9078,0.04
9081,0.81
9084,0.57
9085,0.22
9108,0.92
9111,0.23
9134,0.96
9144,0.76
9148,0.09
9150,0.24
9159,0.98
9161,0.3
9174,0.95
9175,0.94
9195,0.23
9214,0.37
9216,0.12
9223,0.15
9231,0.43
9235,0.11
9260,0.82
9261,0.31
9262,0.12
9279,0.81
9292,0.75
9298,0.06
9328,0.85
9330,0.54
9335,0.9
9346,0.29
9347,0.48
9349,0.91
9368,0.3
9374,0.2
9382,0.06
9384,0.38
9400,0.67
9405,0.96
9409,0.3
9429,0.15
9442,0.88
9444,0.74
9452,0.25
9454,0.16
9473,0.62
9475,0.85
9499,0.53
9505,0.92
9506,0.84
9513,0.04
9524,0.05
9527,0.89
9533,0.41
9553,0.07
9556,0.69
9562,0.73
9575,0.06
9577,0.94
9581,0.63
9584,0.63
9586,0.32
9598,0.01
9600,0.02
9603,0.69
9615,0.64
9625,0.57
9626,0.49
9637,0.96
9650,0.39
9654,0.45
9657,0.53
9684,0.21
9707,0.36
9715,0.06
9719,0.88
9728,0.75
9729,0.6
9732,0.28
9736,0.87
9748,0.44
9750,0.41
9755,0.08
9758,0.87
9776,0.75
9788,0.02
9798,0.23
9810,0.24
9816,0.48
9836,0.8
9839,0.39
9856,0.57
9858,0.66
9865,0.35
9866,0.98
9886,0.71
9890,0.25
9894,0.5
9896,0.39
9897,0.44
9910,0.67
9911,0.74
9932,0.17
9934,0.25
9939,0.78
9963,0.22
9968,0.71
9972,0.34
9987,0.14
9990,0.65
10012,0.95
10014,0.71
10032,0.86
10039,0.63
10041,0.87
10042,0.25
10046,0.71
10052,0.57
10056,0.42
10057,0.83
10064,0.07
10067,0.98
10076,0.47
10083,0.2
10112,0.21
10114,0.6
10129,0.92
10133,0.17
10140,0.25
10169,0.84
10174,0.45
10179,0.33
10180,0.71
10186,0.54
10196,0.3
10205,0
10217,0.28
10222,0.44
10244,0.72
10249,0.91
10253,0.96
10292,0.81
10310,0.18
10321,0.11
10333,0.3
10348,0.45
10374,0.27
10376,0.79
10378,0.36
10382,0
10386,0.86
10387,0.03
10395,0.21
10403,0.59
10405,0.03
10410,0.79
10413,0.69
10429,0.78
10430,0.42
10448,0.34
10452,0.13
10456,0.83
10471,0.6
10474,0.01
10476,0.62
10482,0.31
10492,0.68
10499,0.61
10501,0.8
10518,0.09
10520,0.96
10522,0.13
10529,0.06
10531,0.25
10532,0.54
10549,0.6
10567,0.32
10578,0.97
10581,0.65
10582,0.84
10583,0.04
10614,0.66
10617,0.8
10623,0.7
10625,0.69
10646,0.4
10648,0.04
10650,0.88
10661,0.77
10663,0.79
10669,0.17
10671,0.88
10673,0.02
10674,0.07
10677,0.21
10678,0.95
10686,0.24
10692,0.95
10696,0.49
10697,0.08
10699,0.75
10701,0.2
10702,0.22
10718,0
10722,0.86
10739,0.67
10744,0.38
10750,0.45
10754,0.65
10761,0.37
10784,0.78
10800,0.4
10812,0.56
10815,0.62
10816,0.94
10819,0.74
10826,0.3
10829,0.49
10841,0.99
10868,0.69
10872,0.42
10880,0.83
10883,0.63
10906,0.54
10917,0.25
10936,0.84
10943,0.99
10947,0.01
10975,0.6
10990,0.49
10991,0.71
10994,0.05
11003,0.96
11012,0.03
11014,0.23
11019,0.06
11035,0.52
11037,0.03
11053,0.84
11065,0.81
11098,0.46
11111,0.89
11113,0.23
11120,0.06
11122,0.41
11137,0.01
11152,0.85
11155,0.18
11169,0.19
11174,0.3
11179,0.12
11191,0.59
11206,0.13
11209,0.09
11210,0.33
11223,0.27
11227,0.23
11233,0.3
11238,0.85
11272,0.97
11273,0.03
11289,0.55
11303,0.41
11306,0.89
11325,0.59
11349,0.31
11367,0.23
11374,0.32
11383,0.11
11388,0.31
11389,0.44
11391,0.3
11411,0.44
11417,0.53
11426,0.18
11440,0.3
11477,0.62
11478,0.2
11500,0.29
11501,0.92
11525,0.37
11526,0.09
11536,0.46
11544,0.82
11558,0.12
11569,0.31
11584,0.15
11586,0.24
11589,0.17
11608,0.15
11617,0.38
11619,0.26
11630,0.73
11631,0.74
11635,0.13
11664,0.84
11665,0.23
11674,0.08
11682,0.33
11695,0.96
11712,0.47
11727,0.36
11732,0.38
11745,0.87
11749,0.26
11777,0.22
11781,0.44
11808,0.92
11832,0.73
11856,0.42
11859,0.42
11865,0.94
11874,0.93
11881,0.2
11899,0.73
11911,0.88
11913,0.8
11921,0.76
11923,0.44
11926,0.99
11928,0.83
11939,0.71
11946,0.34
11967,0.74
11979,0.23
11980,0.83
11984,0.54
11985,0.36
11998,0.56
12008,0.12
12021,0.99
12023,0.42
12035,0.22
12066,0.48
12076,0.43
12085,0.13
12095,0.49
12113,0.82
12114,0.16
12122,0.38
12123,0.15
12125,0.45
12129,0.58
12138,0.55
12150,0.74
12155,0.38
12161,0.32
12162,0.01
12174,0.14
12175,0.03
12184,0.4
12188,0.68
12194,0.89
12199,0.77
12212,0.02
12220,0.87
12224,0.25
12258,0.19
12267,0.21
12270,0.95
12290,0.02
12306,0.56
12314,0.28
12322,0.61
12339,0.06
12346,0.77
12355,0.81
12383,0.16
12389,0.9
12392,0.89
12400,0.16
12412,0.4
12427,0.65
12431,0.02
12435,0.86
12464,0.13
12480,0.82
12484,0.22
12510,0.52
12519,0.96
12533,0.59
12538,0.75
12549,0.27
12555,0.15
12559,0.73
12565,0.34
12575,0.31
12579,0.93
12628,0.58
12632,0.51
12655,0.58
12664,0.82
12677,0.84
12679,0.38
12683,0.69
12691,0.76
12693,0.66
12704,0.92
12707,0.58
12709,0.02
12712,0.29
12713,0.35
12714,0.76
12725,0.49
12746,0.93
12748,0.72
12754,0.31
12761,0.32
12781,0.57
12793,0.56
12810,0.71
12823,0.28
12826,0.8
12827,0.65
12857,0.53
12865,0.05
12879,0.1
12883,0.61
12885,0.42
12907,0.41
12921,0.24
12924,0.17
12933,0.14
12943,0.33
12945,0.77
12968,0.25
12987,0.66
13015,0.9
13037,0.14
13045,0.76
13078,0.11
13084,0.35
13093,0.85
13099,0.04
13106,0.74
13110,0.35
13113,0.85
13121,0.45
13132,0.45
13148,0.96
13150,0.85
13169,0.97
13170,0.57
13174,0.61
13196,0.35
13224,0.01
13226,0.86
13228,0.88
13247,0.57
13263,0.49
13265,0.54
13279,0.78
13283,0.33
13295,0.9
13308,0.22
13319,0.9
13324,0.39
13330,0.34
13351,0.48
13360,0.28
13362,0.55
13385,0.32
13394,0.98
13400,0.99
13406,0.08
13416,0.45
13432,0.87
13433,0.91
13441,0.9
13455,0.54
13457,0.42
13505,0.57
13507,0.99
13518,0.61
13520,0.1
13530,0.32
13538,0.69
13546,0.64
13549,0.13
13550,0.81
13557,0.96
13561,0.82
13583,0.59
13599,0.52
13604,0.99
13619,0.01
13629,0.77
13634,0.44
13639,0.16
13642,0.52
13648,0.76
13658,0.57
13664,0.17
13667,0.55
13670,0.1
13671,0.96
13681,0.99
13689,0.09
13693,0.91
13696,0.7
13701,0.25
13704,0.44
13712,0.83
13713,0.63
13728,0.23
13732,0.05
13744,0.38
13760,0.46
13772,0.35
13780,0.81
13788,0.75
13798,0.19
13809,0.78
13815,0.67
13832,0.65
13840,0.76
13872,0.79
13873,0.05
13930,0.18
13933,0.57
13934,0.71
13935,0.21
13949,0.58
13951,0.82
13956,0.33
13967,0.29
13976,0.79
13987,0.85
14000,0.65
14002,0.4
14013,0.01
14014,0.31
14026,0.98
14027,0.2
14029,0.97
14032,0.22
14033,0.24
14040,0.02
14047,0.74
14056,0.53
14077,0.4
14086,0.6
14117,0.45
14120,0.26
14124,0.23
14130,0.27
14135,0.39
14153,0.95
14158,0.48
14165,0.86
14171,0.16
14182,0.6
14197,0.74
14198,0.77
14210,0.79
14230,0.37
14236,0.04
14250,0.81
14270,0.58
14272,0.76
14281,0.66
14283,0.2
14285,0.89
14296,0.64
14302,0.04
14322,0.8
14331,0.65
14351,0.31
14373,0.2
14375,0.32
14377,0.9
14393,0.01
14394,0.84
14412,0.67
14425,0.76
14430,0.22
14431,0.52
14435,0.14
14443,0.75
14444,0.66
14448,0.08
14449,0.89
14471,0.85
14482,0.39
14498,0.43
14500,0.55
14505,0.5
14507,0.13
14516,0.21
14532,0.02
14537,0.18
14540,0.51
14552,0.81
14553,0.49
14555,0.22
14557,0.47
14558,0.33
14562,0.19
14564,0.92
14587,0.16
14591,0.08
14592,0.85
14614,0.45
14627,0.41
14634,0.86
14654,0.27
14660,0.44
14678,0.92
14725,0.63
14731,0.38
14760,0.01
14761,0.67
14800,0.76
14804,0.93
14806,0.2
14827,0.45
14849,0.48
14851,0.27
14877,0.28
14886,0.48
14905,0.61
14911,0.15
14915,0.9
14918,0.07
14923,0.72
14959,0.43
14978,0.87
14989,0.52
15005,0.31
15012,0.94
15021,0.51
15027,0.77
15049,0.62
15090,0.48
15092,0.09
15103,0.1
15138,0.16
15140,0.6
15143,0.91
15151,0.22
15165,0.95
15166,0.56
15179,0.88
15187,0.97
15190,0.05
15209,0.54
15215,0.22
15216,0.24
15218,0.23
15220,0.34
15222,0.82
15235,0.59
15249,0.47
15252,0.91
15254,0.26
15255,0.6
15266,0.5
15269,0.77
15277,0.83
15282,0.89
15285,0.91
15305,0.39
15312,0.19
15322,0.9
15327,0.17
15328,0.52
15330,0.78
15332,0.2
15336,0.74
15342,0.15
15380,0.74
15389,0.5
15393,0.89
15395,0.85
15403,0.25
15404,0.37
15405,0.54
15417,0.61
15420,0.07
15423,0.46
15430,0.91
15453,0.56
15461,0.97
15477,0.01
15485,0.57
15487,0.1
15503,0.7
15543,0.6
15553,0.77
15564,0.01
15565,0.95
15584,0.32
15585,0.45
15599,0.01
15602,0.06
15610,0.5
15622,0.14
15638,0.26
15640,0.6
15642,0.55
15659,0.87
15666,0.57
15677,0.55
15692,0.76
15705,0.34
15707,0.37
15722,0.57
15727,0.19
15745,0.43
15785,0.55
15793,0.74
15800,0.96
15814,0.63
15815,0.18
15822,0.32
15827,0.29
15835,0.75
15840,0.74
15846,0.43
15851,0.25
15857,0.21
15861,0.87
15863,0.65
15874,0.33
15883,0.32
15887,0.84
15895,0.44
15897,0.32
15901,0.87
15909,0.36
15911,0.16
15919,0.39
15931,0.06
15932,0.53
15936,0.25
15939,0.49
15947,0.47
15969,0.88
15982,0.96
15983,0.28
15984,0.44
15989,0.83
16036,0.55
16037,0.08
16050,0.33
16072,0.43
16087,0.41
16095,0.99
16108,0.87
16119,0.36
16126,0.03
16131,0.49
16147,0.65
16149,0.43
16153,0.98
16157,0.15
16161,0.43
16207,0.58
16208,0.65
16223,0.84
16225,0.73
16230,0.62
16243,0
16254,0.38
16264,0.57
16272,0.56
16282,0.98
16286,0.51
16301,0.74
16342,0.99
16354,0.97
16356,0.91
16361,0.09
16364,0.65
16365,0.58
16381,0.72
16389,0.44
16413,0.38
16414,0
16418,0.18
16422,0.49
16424,0.68
16425,0.84
16459,0.31
16462,0.56
16465,0.55
16468,0.77
16472,0.32
16476,0.4
16495,0.14
16500,0.28
16506,0.79
16526,0.15
16532,0
16540,0.59
16555,0.68
16573,0.66
16595,0.54
16622,0.41
16639,0.08
16681,0.45
16686,0.71
16688,1
16699,0.01
16705,0.65
16706,0.37
16709,0.53
16722,0.6
16744,0.97
16763,0.71
16774,0.2
16777,0.1
16780,0.51
16797,0.38
16806,0.13
16810,0.27
16814,0.07
16816,0.52
16828,0.09
16836,0.18
16839,0.98
16841,0.26
16843,0.39
16858,0.08
16870,0.43
16874,0.15
16887,0.98
16898,0.5
16902,0.08
16917,0.06
16952,0.05
16986,0.08
16995,0.86
16999,0.71
17007,0.62
17011,0.75
17012,0.35
17015,0.1
17027,0.43
17034,0.34
17080,0.58
17083,0.55
17089,0.62
17091,0.81
17095,0.75
17098,0.52
17100,0.79
17118,0.1
17163,0.87
17164,0.14
17194,0.38
17208,0.61
17222,0.27
17229,0.59
17236,0.56
17241,0.58
17255,0.71
17258,0.5
17275,0.31
17277,0.22
17279,0.64
17294,0.96
17302,0.16
17309,0.86
17319,0.28
17343,0.09
17354,0.83
17371,0.7
17373,0.47
17374,0.22
17391,0.95
17410,0.77
17418,0.24
17427,0.94
17428,0.65
17435,0.16
17436,0.95
17445,0.74
17461,0.05
17462,0.19
17463,0.14
17467,0.59
17471,0.96
17477,0.3
17512,0.97
17516,0.34
17549,0.3
17563,0.04
17592,0.56
17599,0.21
17607,0.41
17610,0.85
17613,0.82
17621,0.8
17638,0.61
17640,0.11
17643,0.07
17647,0.76
17666,0.67
17674,0.49
17691,0.49
17704,0.61
17727,0.72
17731,0.91
17742,0.64
17755,0.28
17760,0.96
17769,0.08
17775,0.05
17787,0.28
17804,0.65
17805,0.29
17811,0.88
17820,0.33
17826,0.32
17831,0.96
17839,0.08
17859,0.33
17865,0.87
17869,0.08
17881,0.41
17884,0.5
17888,0.13
17899,0.27
17914,0.51
17917,0.17
17927,0.21
17938,0.33
17940,0.06
17961,0.54
17967,0.89
17982,0.38
17988,0.7
18032,0.48
18035,0.92
18051,0.98
18052,0.42
18054,0.38
18059,0.29
18082,0.08
18101,0.23
18108,0.96
18132,0
18135,0.81
18142,0.35
18149,0.75
18150,0.94
18163,0.18
18169,0.16
18176,0.84
18196,0.04
18199,0.31
18203,0.61
18206,0.79
18214,0.04
18225,0.13
18249,0.42
18253,0.47
18254,0.48
18256,0.03
18273,0.64
18276,0.44
18298,0.72
18301,0.3
18316,0.17
18331,0.09
18333,0.62
18342,0.26
18351,0.37
18355,0.66
18358,0.98
18370,0.85
18375,0.56
18381,0.08
18384,0.82
18386,0.26
18388,0.73
18393,0.48
18411,0.37
18414,0.74
18426,0.65
18431,0.82
18432,0.75
18434,0.34
18445,0.61
18467,0.02
18470,0.76
18492,0.11
18496,0.57
18500,0.59
18520,0.63
18528,0.9
18546,0.81
18560,0.37
18565,0.15
18578,0.83
18583,0.2
18602,0.91
18603,0.58
18609,0.4
18615,0.16
18623,0.18
18624,0.47
18637,0.11
18655,0.12
18661,0.29
18669,0.27
18691,0.81
18695,0.92
18701,0.8
18707,0.94
18708,0.69
18721,0.32
18726,0.72
18730,0.31
18739,0.07
18757,0.55
18759,0.78
18770,0.27
18789,0.38
18809,0.7
18820,0.59
18822,0.15
18828,0.26
18833,0.65
18834,0.53
18835,0.03
18840,0.17
18846,0.57
18849,0.8
18854,0.51
18861,0.43
18862,0.96
18874,0.79
18888,0.48
18914,0.08
18915,0.18
18941,0.87
18975,0.05
18977,1
19020,0.82
19048,0.5
19052,0.12
19054,0.49
19072,0.14
19076,0.33
19100,0.27
19103,0.18
19106,0.34
19110,0.57
19112,0.01
19130,0.27
19146,0.82
19157,0.47
19171,0.98
19187,0.36
19189,0.89
19199,0.8
19216,0.49
19226,0.28
19257,0.4
19259,0.21
19263,0.66
19275,0.63
19292,0.27
19318,0.47
19362,0.8
19381,0.38
19395,0.2
19400,0.82
19401,0.29
19444,0.29
19469,0
19486,0.15
19487,0.67
19494,0.81
19510,0.73
19516,0.19
19533,0.7
19539,0.06
19557,0.79
19598,0.66
19600,0.38
19603,0.54
19616,0.32
19629,0.66
19631,0.07
19637,0.56
19642,0.72
19648,0.99
19661,0.88
19686,0.5
19696,0.55
19712,0.9
19721,0.65
19729,0.93
19730,0.85
19731,0.3
19759,0.65
19785,0.97
19788,0.88
19791,0.05
19794,0.33
19796,0.98
19800,0.67
19821,0.03
19822,0.2
19823,0.32
19833,0.53
19834,0.92
19840,0.64
19851,0.86
19861,0.06
19872,0.94
19885,0.5
19915,0.66
19918,0.2
19920,0.88
19923,0.96
19932,0.15
19939,0.29
19947,0.05
19948,0.28
19953,0.86
19964,0.25
19971,0.53
19976,0.18
19980,0.72
19988,0.08
20009,0.95
20019,0.42
20021,0.8
20055,0.95
20066,0.34
20070,0.27
20127,0.67
20137,0.61
20143,0.97
20154,0.98
20158,0.64
20172,0.9
20178,0.82
20185,0.11
20193,0.61
20199,0.95
20212,0.51
20221,0.17
20228,0.92
20257,0.92
20258,0.47
20262,0.81
20267,0.11
20274,0.42
20291,0.91
20295,0.57
20298,0.73
20299,0.43
20320,0.31
20325,0.02
20333,0.11
20334,0.39
20345,0.8
20367,0.08
20370,0.99
20395,0.89
20396,0.86
20397,0.19
20398,0.76
20405,0.86
20411,0.16
20418,0.08
20426,0.02
20431,0.9
20434,0.57
20442,0.79
20454,0.59
20462,0.79
20467,0.15
20470,0.91
20473,0.57
20489,0.02
20498,0.53
20504,0.21
20514,0.36
20516,0.2
20543,0.27
20560,0.51
20574,0.85
20597,0.28
20616,0.69
20622,0.57
20623,0.75
20644,0.8
20727,0.17
20734,0.2
20740,0.73
20756,0.26
20762,0.31
20766,0.41
20770,0.58
20776,0.82
20784,0.96
20793,0.66
20795,0.41
20802,0.8
20832,0.71
20838,0.95
20842,0.2
20856,0.46
20858,0.44
20872,0.11
20886,0.51
20889,0.16
20911,0.93
20918,0.83
20927,0.97
20941,0.06
20942,0.69
20957,0.04
20975,0.92
20976,0.47
20996,0.61
21001,0.54
21039,0.64
21041,0.5
21045,0.14
21053,0.5
21055,0.1
21069,0.42
21076,0.41
21090,0.38
21098,0.61
21103,0.57
21112,0.59
21134,0.37
21143,0.34
21146,0.8
21147,0.85
21159,0.89
21171,0.79
21178,0.84
21185,0.43
21186,0.21
21194,0.32
21209,0.01
21216,0.3
21220,0.09
21221,0.07
21236,0.47
21245,0.8
21247,0.54
21250,0.9
21263,0.87
21265,0.97
21272,0.34
21290,0.23
21302,0.79
21313,0.87
21346,0.27
21353,0.01
21355,0.64
21364,0.84
21379,0.27
21383,0.96
21384,0.55
21391,0.51
21396,0.16
21398,0.21
21408,0.14
21425,0.5
21432,0.02
21444,0.19
21464,0.68
21466,0.77
21484,0.06
21485,0.29
21496,0.17
21512,0.08
21513,0.78
21524,0.81
21528,0.29
21529,0.01
21544,0.91
21572,0.47
21578,0.4
21579,0.39
21595,0.58
21605,0.38
21608,0
21611,0.79
21615,0.22
21624,0.1
21633,0.76
21642,0.97
21644,0.02
21654,0.88
21659,0.48
21672,0.94
21674,0.62
21675,0.06
21685,0.27
21714,0.43
21715,0.07
21717,0.78
21720,0.01
21736,0.4
21755,0.96
21765,0.54
21777,0.08
21801,0.23
21804,0.42
21821,0.4
21828,0.33
21866,0.33
21873,0.09
21890,0.64
21892,0.65
21895,0.15
21901,0.27
21905,1
21909,0.5
21924,0.95
21927,0.84
21928,0.97
21941,0.36
21965,0.36
21966,0.01
21983,0.95
21987,0.17
21992,0.42
22007,0.04
22019,0.36
22026,0.15
22051,0.6
22061,0.88
22082,0.88
22111,0.12
22113,0.39
22133,0.3
22151,0.96
22170,0
22178,0.05
22201,0.63
22215,0.24
22239,0.54
22253,0.2
22274,0.87
22287,0.52
22290,0.61
22309,0.57
22340,0.03
22355,0.58
22357,0.04
22358,0.69
22361,1
22406,0.99
22409,0.41
22410,0.2
22414,0.66
22438,0.98
22441,0.99
22448,0.95
22452,0.45
22454,0.77
22455,0.49
22466,0.89
22487,0.24
22491,0.4
22493,0.08
22508,0.48
22516,0.73
22532,0.04
22540,0.45
22548,0.6
22554,0.47
22600,0.61
22643,0.2
22649,0.64
22650,0.22
22663,0.11
22665,0.46
22674,0.82
22677,0.04
22698,0.91
22709,0.95
22711,0.08
22715,0.03
22728,0.46
22735,0.84
22755,0.58
22757,0.41
22758,0.66
22760,0.86
22770,0.25
22774,0.05
22775,0.33
22782,0.43
22796,0.49
22808,0.14
22821,0.51
22839,0.83
22855,0.09
22875,0.21
22879,0.31
22889,0.21
22890,0.24
22894,0.69
22907,0.18
22915,0.66
22949,0.27
22950,0.8
22953,0.73
22961,0.53
22963,0.58
22978,0.1
22995,0.68
23003,0.59
23008,0.68
23022,0.87
23033,0.58
23040,0.66
23048,0.47
23084,0.4
23092,0.91
23098,0.12
23107,0.64
23114,0.12
23118,0.39
23135,0.68
23140,0.91
23143,0.36
23146,0.71
23154,0.72
23181,0.05
23208,0.57
23213,0.96
23214,0.16
23245,0.7
23247,0.46
23268,0.63
23273,0.87
23275,0.4
23282,0.82
23284,0.44
23297,0.93
23299,0.36
23303,0.71
23333,0.87
23334,0.71
23347,0.13
23357,0.33
23374,0.02
23378,0.72
23397,0.24
23410,0.16
23424,0.61
23429,0.65
23437,0.54
23441,0.51
23450,0.17
23452,0.75
23453,0.4
23456,0.96
23466,0.01
23468,0.23
23476,0.92
23483,0.44
23490,0.82
23495,0.33
23498,0.87
23538,0.94
23544,0.08
23550,0.68
23567,0.64
23568,0.91
23572,0.6
23579,0.91
23595,0.08
23600,0.67
23604,0.22
23611,0.98
23619,0.19
23625,0.03
23631,0.4
23659,0.46
23663,0.35
23664,0.34
23666,0.06
23670,0.15
23671,0.32
23678,0.48
23702,0.63
23704,0.2
23715,0.87
23721,0.12
23733,0.41
23738,0.78
23754,0.65
23757,0.65
23758,0.41
23763,0.17
23784,0.69
23789,0.26
23793,0.45
23802,0.37
23809,0.04
23813,0.91
23815,0.22
23820,0.72
23821,0.52
23823,0.53
23832,0.07
23837,0.71
23841,0.57
23843,0.97
23847,0.86
23861,0.76
23867,0.57
23869,0.93
23872,0.45
23882,0.28
23887,0.03
23907,0.3
23920,0.89
23932,0.79
23964,0.5
23970,0.42
23977,0.95
23978,0.73
23997,0.26
24014,0.98
24019,0.45
24020,0.76
24041,0.61
24061,0.1
24083,0.73
24086,0.22
24118,0.26
24120,0.99
24125,0.2
24146,0.82
24160,0.81
24163,0.4
24164,0.84
24169,0.22
24179,0.62
24180,0.55
24190,0.81
24193,0.73
24211,0.35
24218,0.31
24221,0.69
24224,0.23
24246,0.39
24261,0.65
24263,0.98
24275,0.13
24297,0.43
24303,0.42
24306,0.84
24317,0.83
24321,0.96
24326,0.84
24339,0.01
24345,0.25
24353,0.32
24370,0.84
24374,0.12
24376,0.29
24379,0.82
24392,0.48
24397,0.53
24400,0.08
24406,0.86
24413,0.54
24421,0.06
24437,0.07
24440,0.28
24442,0.94
24445,0.13
24452,0.44
24454,0.36
24491,0.15
24498,0.72
24499,0.3
24502,0.12
24507,0.36
24513,0.83
24525,0.18
24530,0.94
24546,0.76
24549,0.9
24585,0.91
24598,0.68
24604,0.45
24607,0.31
24615,0.12
24630,0.67
24637,0.58
24658,0.94
24681,0.47
24683,0.94
24689,0.01
24691,0.79
24692,0.65
24708,0.75
24710,0.64
24714,0.7
24742,0.36
24755,0.39
24775,0.92
24779,0.14
24804,0.8
24805,0.49
24806,0.49
24813,0.94
24825,0.21
24829,0.56
24839,0.94
24860,0.79
24906,0.14
24926,0.25
24927,0.37
24946,0.67
24951,0.82
24964,0.61
24973,0.89
24981,0.65
24989,0.26
24996,0.3
24999,0.73
25015,0.63
25025,0.96
25030,0.25
25051,0.52
25054,0.56
25064,0.49
25066,0.98
25077,0.5
25086,0.6
25087,0.01
25091,0.66
25096,0.55
25105,0.42
25110,0.91
25120,0.39
25128,0.99
25138,0.65
25139,0.51
25140,0.5
25143,0.3
25144,0.52
25163,0.93
25168,0.73
25172,0.05
25180,0.08
25185,0.47
25188,0.83
25228,0.11
25234,0.29
25240,0.69
25244,0.5
25256,0.41
25265,0.7
25268,0.17
25283,0.32
25289,0.62
25297,0.97
25329,0.92
25366,0.98
25371,0.68
25379,0.5
25382,0.9
25394,0.54
25396,0.48
25403,0.72
25415,0.33
25434,0.42
25442,0.64
25456,0.42
25462,0.27
25467,0.91
25473,0.8
25485,0.01
25518,0.05
25524,0.43
25539,0.05
25578,0.85
25579,0.73
25585,0.19
25597,0.23
25598,0.42
25619,0.32
25624,0.23
25640,0.99
25644,0.48
25651,0.45
25657,0.4
25662,0.63
25667,0.31
25668,0.98
25674,0.32
25692,0.17
25694,0.79
25699,0.53
25704,0.11
25706,0.58
25707,0.98
25709,0.74
25729,0.52
25735,0.23
25737,0.66
25763,0.52
25764,0.05
25772,0.31
25778,0.53
25791,0.7
25796,0.84
25806,0.24
25813,0.59
25817,0.58
25827,0.59
25833,0.33
25845,0.12
25848,0.74
25850,0.82
25868,0.12
25884,0.92
25921,0.66
25922,0.93
25924,0.01
25928,0.44
25940,0.67
25958,0.19
25959,0.05
25975,0.6
25979,0.99
25986,0.55
26005,0.9
26011,0.61
26017,0.92
26022,0.3
26036,0.12
26043,0.16
26063,0.7
26076,0.55
26080,0.87
26105,0.03
26111,0.19
26122,0.79
26129,0.12
26144,0.21
26181,0.31
26185,0.36
26190,0.13
26191,0.27
26197,0.78
26200,0.42
26202,0.37
26219,0.49
26232,0.04
26240,0.73
26250,0.2
26263,0.4
26279,0.08
26285,0.59
26290,0.55
26323,0.42
26371,0.02
26383,0.29
26384,1
26387,0.61
26390,0.72
26399,0.3
26403,0.72
26412,0.72
26426,0.59
26436,0.4
26472,0.16
26480,0.55
26481,0.8
26513,0.63
26515,0.68
26527,0.73
26529,0.52
26534,0.71
26542,0.29
26576,0.75
26580,0.25
26589,0.07
26611,0.13
26615,0.71
26618,0.17
26624,0.86
26633,0.73
26653,0.97
26662,0.63
26667,0.62
26670,0.62
26677,0.78
26683,0.26
26684,0.13
26687,0.94
26692,0.49
26698,0.6
26699,0.48
26706,0.4
26713,0.85
26724,0.8
26729,0.08
26744,0.51
26748,0.19
26758,0.08
26770,0.95
26775,0.78
26780,0.46
26785,0.52
26796,0.09
26799,0.43
24417,0.89
999,0.93
26244,0.05
14192,0.03
12684,0.62
13746,0.57
5998,0.49
26048,0.41
24883,0.69
17256,0.32
14632,0.93
8095,0.39
8070,0.79
1717,0.88
19221,0.74
24864,0.74
12759,0.28
11625,0.8
5815,0.36
21646,0.86
15026,0.1
25708,0.07
12531,0.97
17886,0.71
25553,0.96
6362,0.14
23486,0.44
22558,0.99
19024,0.81
17658,0.51
15548,0.09
5413,0.32
11611,0.56
7498,0.96
14010,0.32
10861,0.07
4672,0.46
11717,0.79
25734,0.62
25271,0.1
26509,0.72
22753,0.6
14675,0.19
16196,0.22
6604,0.09
11326,0.91
1523,0.32
26656,0.14
14671,0.87
9305,0.63
6670,0.19
16565,0.51
2061,0.59
8515,0.64
1636,0.2
5419,0.01
1083,0.03
2493,0.52
12956,0.17
26577,0.1
7291,0.99
4413,0.66
3479,0.32
11724,0.83
11082,0.84
17399,0.62
23001,0.96
17971,0.4
7672,0.66
4595,0.8
12562,0.67
5937,0.54
2313,0.52
11645,0.61
15877,0.08
1831,0.93
9646,0.3
2884,0.8
1610,0.47
15444,0.9
11671,0.65
22854,0.46
20625,0.3
18118,0.57
19795,0.01
11222,0.62
1132,0.82
6052,0.47
19732,0.74
14642,0.29
19480,0.02
25904,0.82
11031,0
16473,0.67
11707,0.8
17591,0.86
16844,0.47
4346,0.45
23013,0.06
6995,0.24
13192,0.63
22721,0.69
24225,0.54
3171,0.15
21635,0.15
19706,0.05
24274,0.39
13405,0.7
18628,0.44
15534,0.59
16956,0.82
1192,0.97
19778,0.66
14138,0.61
17069,0.9
20269,0.82
22935,0.44
13109,0.27
25004,0.9
17987,0.5
22497,0.63
4187,0.08
12602,0.23
25564,0.75
15224,0.19
8090,0.31
12128,0.05
19091,0.62
22057,0.4
20477,0.11
5069,0.19
6660,0.33
17671,0.62
12836,0.06
13899,0.74
22860,0.77
6241,0.95
18866,0.59
17197,0.19
16558,0.44
22116,0.97
21474,0.27
24900,0.78
23698,0
24632,0.03
16278,0.82
10609,0.79
8313,0.63
18688,0.63
14906,0.6
24971,0.14
19001,0.51
1958,0.04
24215,0.54
19081,0.97
22792,0.57
3733,0.3
19741,0.5
5187,0.21
19193,0.28
14511,0.14
20072,0.88
16637,0.32
11139,0.29
18523,0.66
19841,0.73
24049,0.67
21097,0.85
3421,0.94
25513,0.41
22354,0.86
16047,0.24
10983,0.43
6501,0.26
8469,0.73
2062,0.15
7794,0.43
15920,0.71
1641,0.43
9769,0.95
6559,0.11
23637,0.68
26003,0.32
21051,0.15
13945,0.81
21814,0.57
16351,0.18
9418,0.3
3017,0.63
1115,0.71
25255,0.16
19698,0.26
25816,0.68
9356,0.03
22334,0.4
17524,0.75
17283,0.53
8123,0.97
7800,0.28
8562,0.21
12955,0.56
17110,0.84
4216,0.7
5954,0.95
25375,0.68
23386,0.91
17502,0.13
18486,0.25
8378,0.37
9853,0.16
3674,0.13
13893,0.87
16991,0.29
3577,0.38
2158,0.28
20306,0.17
1288,0.67
13117,0.25
2970,0.97
16319,0.12
7749,0.01
24027,0.57
2066,0.86
16772,0.95
11246,0.91
10069,0.3
1830,0.74
17628,0.67
23316,0.04
24292,0.11
17558,0.49
15796,0.8
22717,0.01
5671,0.88
22297,0.32
25084,0.38
5129,0.3
20524,0.6
17898,0.54
25609,0.43
22747,0.18
92,0.23
22000,0.93
19981,0.5
26550,0.43
14303,0.03
4096,0.42
24276,0.22
19921,0.3
14034,0.07
22323,0.05
3672,0.93
7410,0.56
24516,0.48
14064,0.67
4008,0.3
18274,0.95
9192,0.81
6658,0.13
1525,0.77
7038,0.65
20445,0.82
7724,0.9
26326,0.37
3321,0.33
24150,0.3
8395,0.71
25334,0.86
21768,0.15
4464,0.67
20081,0.07
3769,0.73
20659,0.77
20549,0.58
8844,0.83
7703,0.02
16015,0.69
11033,0.25
14563,0.85
19764,0.29
14058,0.27
22056,0.85
10258,0.46
21428,0.55
21436,0.62
3120,0.4
8541,0.93
24463,0.75
16292,0.28
23360,0.47
11581,0.05
19108,0.83
18115,0.33
20180,0.12
19002,0.17
15821,0.8
14338,0.61
4727,0.94
19404,0.36
3665,0.05
21880,0.98
7974,0.69
15502,0.16
25997,0.63
2714,0.37
20289,0.53
15194,0.04
26013,0.32
5151,0.5
19113,0.48
9424,0.82
8506,0.46
7054,0.98
3452,0.84
11977,0.79
25218,0.61
11419,0.06
26557,0.34
2089,0.48
6920,0.22
24560,0.75
23417,0.2
21638,0.81
26679,0.14
1197,0.13
18166,0.91
10705,0.86
21953,0.26
1253,0.12
8285,0.89
9183,0.61
13609,0.76
22789,0.68
5930,0.75
16245,0.54
8369,0.44
25700,0.26
3465,0.7
9979,0.75
18413,0.48
15335,0.35
24457,0.37
14527,0.27
731,0.22
6035,0.02
15422,0.4
511,0.25
25275,0.91
4818,0.6
15460,0.05
6140,0.8
21032,0.96
6687,0.14
6695,0.9
3570,0.73
9120,0.27
22458,0.25
24622,0.53
18074,0.53
7643,0.98
283,0.65
18769,0.56
7595,0.17
8762,0.6
18553,0.81
16314,0.39
23838,0.08
6359,0.49
17064,0.63
936,0.82
25001,0.34
16401,0.65
11948,0.01
12953,0.54
11892,0.42
13804,0.61
1872,0.16
7435,0.57
12521,0.11
10649,0.13
7214,0.58
18220,0.37
3852,0.94
17761,0.23
2326,0.88
11877,0.5
23927,0.48
2012,0.53
13102,0.72
24456,0.95
15398,0.37
4997,0.76
3215,0.05
12675,0.05
907,0.05
16721,0.39
12805,0.33
15128,0.1
20348,0.9
13603,0.01
23589,0.94
25118,0.22
3691,0.92
8047,0.52
25814,0.76
3207,0.56
15498,0.3
25978,0.33
24627,0.59
22304,0.9
20061,0.89
25478,0.49
7365,0.13
11448,0.28
20603,0.3
22169,0.59
20478,0.23
20742,0.21
15275,0.68
15458,0.79
21919,0.91
21257,0.88
1195,0.15
21367,0.14
19684,0.19
14170,0.6
4104,0.29
10026,0.8
17242,0.58
1055,0.57
6883,0.96
13266,0.43
18641,0.52
25717,0.35
23489,0.34
1728,0.45
21314,0.1
13036,0.04
3794,0.96
12451,0.2
5303,0.88
7806,0.72
25893,0.44
14288,0.95
19441,0.63
13958,0.01
16892,0.58
18493,0.68
3283,0.91
25718,0.27
24761,0.28
13974,0.78
8381,1
10772,0.16
16177,0.38
15809,0.45
3028,0.93
10424,0.16
25723,0.15
9738,0.55
14815,0.52
1754,0.46
20232,0.15
18070,0.61
24465,0.08
17340,0.33
24934,0.96
8488,0.27
23552,0.44
24468,0.89
7583,0.17
98,0.62
23946,0.45
22404,0.71
2064,0.43
6434,0.64
20261,0.66
6821,0.48
2224,0.39
4097,0.12
24795,0.03
23446,0.98
11196,0.74
26800,0.68
17421,0.87
19917,0.99
11124,0.48
9240,0.14
25872,0.65
19697,0.17
24043,0.35
23555,0.3
4281,0.51
25355,0.4
26261,0.76
13586,0.84
20282,0.11
24138,0.71
11117,0.15
21278,0.66
13881,0.96
7051,0.22
84,0.57
4748,0.03
14229,0.43
14874,0.87
11157,0.28
7641,0.41
2411,0.4
11232,0.74
16569,0.39
23071,0.69
8633,0.8
8928,0.52
19173,0.65
14044,0.34
15159,0.5
24760,0.91
7413,0.45
25581,0.36
5958,0.62
18324,0.8
10737,0.56
11609,0.77
5109,0.38
12460,0.13
25309,0.3
13700,0.17
12479,0.45
9676,0.36
26030,0.79
26058,0.07
1713,0.24
21378,0.02
20446,0.66
20273,0.4
13411,0.73
7671,0.34
14257,0.21
10986,0.11
17597,0.95
19879,0.65
8104,0.71
1232,0.52
1279,0.41
20857,0.13
3374,0.56
12047,0.07
1357,0.66
9434,0.48
12834,0.55
16954,0.05
20416,0.57
4671,0.79
349,0.81
19735,0.5
6273,0.42
9686,0.94
5356,0.42
9854,0.03
16866,0.34
7419,0.49
25565,0.25
1954,0.3
17257,0.17
5245,0.1
13327,0.52
5207,0.36
19471,0.36
10589,0.11
4452,0.38
19089,0.38
9771,0.49
20083,0.31
7310,0.89
23183,0.62
21256,0.28
20609,0.51
2715,0.35
5106,0.55
26273,0.98
12996,0.98
22246,0.55
25058,0.25
24364,0.48
24867,0.64
15934,0.82
8782,0.61
485,0.66
18332,0.88
3160,0.04
1993,0.2
4170,0.32
23992,0.29
8549,0.05
14101,0.97
26389,0.31
18157,0.77
4293,0.4
4628,0.46
26220,0.8
6195,0.84
17534,0.24
20782,0.04
14997,0.42
20474,0.17
22228,0.66
24730,0.62
7518,0.11
1858,0.34
5503,0.68
25406,0.19
8572,0.84
6978,0.19
8888,0.34
13569,0.02
26690,0.08
5763,0.44
19630,0.67
6784,0.24
7472,0.19
10632,0.49
19726,0.27
25381,0.23
14218,0.49
13420,0.84
8227,0.2
16694,0.29
4948,0.85
25359,0.59
18041,0.43
17185,0.94
18455,0
24334,0.86
9451,0.9
21151,0.51
20607,0.12
16019,0.36
5704,0.67
3542,0.6
16327,0.77
9846,0.87
2722,0.22
8948,0.81
18525,0.67
6885,0.67
3075,0.06
18387,0.15
22380,0.51
21758,0.93
1339,0.12
6637,0.51
18551,0.15
1135,0.58
21607,0.42
14798,0.51
15019,0.73
23462,0.89
17014,0.14
25747,0.92
3498,0.86
10490,0.94
23649,0.93
7700,0.35
24922,0.3
25311,0.14
628,0.64
7448,0.38
6504,0.92
26499,0.31
11990,0.72
25323,0.6
1407,0.63
22825,0.47
22050,0.84
20635,0.47
6158,0.51
24784,0.39
7223,0.52
2114,0.15
11151,0.16
10153,0.64
16603,0.74
24223,0.14
6569,0.03
4227,0.48
11181,0.86
2483,0.23
15860,0.06
19301,0.13
17824,0.56
14235,0.38
18788,0.56
18188,0.93
15951,0.08
24963,0.8
1071,0.47
1745,0.76
2667,0.85
3925,0.5
5497,0.07
17981,0.84
24942,0.39
25915,0.16
21252,0.31
1275,0.68
17119,0.61
4423,0.9
18548,0.35
19240,0.7
3010,0.58
16064,0.43
22421,0.84
918,0.01
12183,0.7
26140,0.18
12541,0.48
22607,0.93
17852,0.7
13332,0.72
13617,0.44
9326,0.57
205,0.37
1263,0.16
14179,0.58
22144,0.47
1566,0.79
21839,0.86
19889,0.22
24796,0.71
11933,0.87
23990,0.88
20380,0.11
4484,0.45
3699,0.26
13077,0.8
5465,0.08
24068,0.58
10489,0.1
6665,0.82
8985,0.55
22125,0.52
4056,0.3
21038,0.27
18508,0.25
9912,0.69
8380,0.29
19065,0.43
11706,0.92
18361,0.55
20312,0.58
10315,0.37
1157,0.89
17619,0.98
11379,0.46
11085,0.56
15479,0.1
18483,0.78
17732,0.8
9009,0.02
1219,0.53
4545,0.4
2199,0.29
25757,0.39
3082,0.12
733,0.53
20569,0.6
9455,0.11
25571,0.42
14822,0.63
15496,0.61
16700,0.83
20099,0.42
16194,0.07
23502,0.23
9423,0.52
642,0.18
5150,0.04
2961,0.93
19269,0.53
22020,0.85
8831,0.88
17641,0.28
18348,0.59
17835,0.33
11481,0.92
13029,0.47
14127,0.73
21610,0.58
2052,0.5
25740,0.09
7106,0.18
7933,0.05
21361,0.36
3686,0.46
14885,0.75
20347,0.11
2000,0.04
17873,0.58
6019,0.83
4510,0.93
1469,0.14
10790,0.1
23690,0.76
6151,0.56
12210,0.13
9768,0.82
16256,0.44
1947,0.96
20631,0.16
20692,0.47
1923,0.16
2757,0.96
18763,0.6
24177,0.3
10726,0.08
6477,0.85
3640,0.36
9680,0.97
9857,0.21
20086,0.63
8516,0.06
2070,0.02
13051,0.21
19214,0.47
11130,0.2
19284,0.07
3663,0.61
17758,0.78
13246,0.68
7160,0.76
14028,0.39
15832,0.26
19319,0.5
23133,0.43
8991,0.2
11028,0.41
25732,0.94
20479,0.56
24562,0.25
13056,0.49
16546,0.63
2095,0.94
24717,0.61
8268,0.73
11742,0.43
25906,0.57
12860,0.51
21501,0.88
17677,0.45
8521,0.58
16336,0.34
2346,0.47
23475,0.89
3197,0.35
20550,0.99
4815,0.11
17385,0.52
12031,0.65
16439,0.79
3080,0.44
10818,0.14
6769,0.48
8437,0.75
21471,0.69
14252,0.61
10796,0.77
19882,0.02
9904,0.5
8287,0.79
13988,0.79
5434,0.48
13860,0.38
6188,0.04
2633,0.45
13031,0.48
12595,0.75
26333,0.46
3826,0.29
23371,0.57
17276,0.51
8108,0.01
20677,0.62
24653,0.75
14925,0.36
8564,0.25
22174,0.46
926,0.11
11843,0.41
1131,0.79
25751,0.75
7942,0.42
19924,0.63
16548,0.33
20284,0.77
1891,0.65
12065,0.9
23581,0.98
25810,0.33
8365,0.6
14297,0.01
6365,0.76
20452,0.97
24505,0.28
1273,0.8
13396,0.33
24200,0.65
10087,0.32
17464,0.89
12585,0.15
12228,0.76
12932,0.03
421,0.92
19815,0.28
7981,0.6
21437,0.91
7747,0.95
17388,0.61
4066,0.8
696,0.06
22413,0.69
17757,0.56
20378,0.05
7617,0.03
19900,0.35
24858,0.45
579,0.52
22835,0.28
22793,0.73
20989,0.06
10420,0.14
22368,0.86
10881,0.83
4356,0.25
12733,0.6
10629,0.28
18242,0.41
8256,0.47
6611,0.15
17439,0.83
17426,0.35
20849,0.62
25166,0.32
14549,0.45
10104,0.68
12800,0.86
24874,0.96
10778,0.81
8089,0.85
13083,0.64
2097,0.22
14606,0.34
4676,0.8
20890,0.07
15040,0.53
25448,0.92
16944,0.88
5203,0.58
20703,0.06
17009,0.78
11622,0.43
16378,0.88
318,0.54
18062,0.88
2562,0.51
23616,0
16442,0.59
22365,0.77
22779,0.56
24132,0.17
16786,0.88
25391,0.23
11521,0.66
14566,0.91
9669,0.69
22529,0.6
4402,0.49
23121,0.31
20981,0.09
20744,0.69
16685,0.86
21129,0.5
5487,0.85
2126,0.62
18901,0.32
2668,0.08
17738,0.69
25018,0.35
5711,0.49
8586,0.69
5707,0.48
17902,0.21
25678,0.19
23125,0.84
973,0.38
23864,0.83
23393,0.79
6371,0.38
14432,0.03
22763,0.18
13118,0.87
6728,0.74
12318,0.36
19346,0.42
13720,0.52
9819,0.39
21945,0.64
10851,0.9
24361,0.14
19819,0.38
6205,0.21
11192,0.4
22132,0.12
4556,0.8
15713,0.45
17225,0.64
7140,0.29
19307,0.51
12223,0.65
9222,0.83
16980,0.84
423,0.25
22001,0.35
21423,0.29
24776,0.79
6005,0.97
2518,0.46
17355,0.77
22599,0.45
11835,0.57
5352,0.6
15108,0.61
4789,0.75
575,0.93
16795,0.79
8452,0.75
14290,0.34
2187,0.24
3912,0.47
933,0.24
5048,0.51
18327,0.74
21759,0.7
1384,0.23
23953,0.42
6530,0.14
18610,0.52
23427,0.13
13418,0.56
17214,0.19
2821,0.08
4574,0.32
13889,0.69
5368,0.89
11514,0.58
400,0.09
12653,0.69
13028,0.58
26123,0.84
12925,0.87
16771,0.94
14597,0.01
22772,0.28
6395,0.26
22746,0.17
25925,0.01
10096,0.22
3830,0.48
3681,0.93
11099,0.77
14487,0.19
15530,0.88
10493,0.9
13257,0.91
9882,0.57
23622,0.65
5328,0.52
14695,0.41
1349,0.34
3832,0.66
21072,0.32
5747,0.94
24532,0.13
17542,0
21851,0.22
20871,0.86
22561,0.62
12187,0.59
23346,0.83
5628,0.41
24475,0.05
19150,0.8
20041,0.24
17973,0.36
10693,0.15
19682,0.7
7613,0.03
2063,0.51
6196,0.74
13767,0.39
15529,0.44
4327,0.48
26735,0.51
17062,0.79
4849,0.72
20224,0.51
9450,0.47
12802,0.77
23389,1
23128,0.27
6172,0.14
23285,0.15
12064,0.02
17430,0.32
15407,0.57
4021,0.88
17259,0.14
16432,0.76
15933,0.36
21787,0.47
11313,0.29
2077,0.53
9082,0.48
16501,0.83
7388,0.91
6875,0.23
15680,0.03
3722,0.33
17683,0.76
25799,0.21
1340,0.34
3637,0.4
11001,0.08
2653,0.48
20160,0.76
10909,0.54
21670,0.35
800,0.14
15050,0.66
21380,0.93
522,0.87
24861,0.74
7144,0.72
13325,0.77
2723,0.66
13690,0.65
4882,0.08
7288,0.91
476,0.41
15164,0.92
15516,0.37
16031,0.44
25498,0.51
7527,0.57
18113,0.45
5569,0.26
3641,0.62
22084,0.13
4169,0.34
11007,0.71
21699,0.87
6363,0.49
15000,0.71
4470,0.59
12239,0.99
26452,0.05
4750,0.88
21858,0.56
15434,0.03
24176,0.3
7231,0.78
24698,0.98
3609,0.62
14576,0.87
7711,0.79
23209,0.5
16873,0.41
19984,0.85
26106,0.24
3422,0.58
23350,0.75
6868,0.48
24659,0.7
11934,0.59
1771,0.62
21805,0.61
3693,0.27
9058,0.12
6820,0.2
16632,0.51
17686,0.07
3136,0.11
24302,0.45
6289,0.87
22199,0.36
11399,0.75
9870,0.98
20045,0.34
24833,0.31
25062,0.53
26324,0.61
13502,0.16
17141,0.38
8879,0.87
20532,0.88
2646,0.34
15957,0.78
23745,0.21
26368,0.9
12326,0.71
24550,0.77
1334,0.97
4629,0.78
8975,0.03
1494,0.93
10538,0.76
11055,0
7228,0.05
10071,0.31
21678,0.12
832,0.17
19966,0.59
12783,0.23
23505,0.16
12824,0.77
14132,0.31
12818,0.13
25106,0.08
3221,0
8752,0.26
10977,0.47
14149,0.02
11595,0.58
3191,0.88
24818,0.85
17376,0.12
10345,0.78
19453,0.74
17382,0.7
20025,0.07
8561,0.32
5748,0.03
12117,0.98
22336,0.6
22217,0.96
5722,0.22
26620,0.35
10587,0.64
10228,0.92
26710,0.03
15494,0.79
6831,0.48
17077,0.92
3079,0.33
23578,0.65
6527,0.56
1099,0.62
8100,0.75
14515,0.02
12610,0.55
8158,0.03
3997,0.47
414,0.35
21467,0.69
8195,0.04
6298,1
5951,0.08
24563,0.12
24024,0.38
25669,0.93
12859,0.48
1837,0.8
4788,0.31
2629,0.85
10822,0.93
23794,0.2
15195,0.83
12170,0.84
16332,0.94
10210,0.86
13771,0.2
11204,0.83
7117,0.78
16174,0.23
483,0.78
4938,0.56
2956,0.44
26721,0.88
269,0.8
14367,0.93
20615,0.5
8821,0.95
9245,0.95
3352,0.6
6093,0.57
726,0.09
17530,0.48
26139,0.73
4986,0.09
25972,0.6
21656,0.85
6154,0.89
16122,0.1
20407,0.74
8918,0.87
14837,0.85
20242,0.86
23204,0.72
3617,0.86
9490,0.44
4477,0.12
5978,0.82
2244,0.51
6161,0.41
13531,0.88
8809,0.75
23759,0.24
9329,0.58
8909,0.21
20094,0.86
25846,0.53
7850,0.33
20491,0.96
13836,0.59
2596,0.36
21778,0.06
7229,0.16
22367,0.69
12771,0.74
5351,0.74
8189,0.78
12936,0.02
14324,0.16
18369,0.05
26274,0.9
6180,0.22
12244,0.08
17964,0.91
237,0.22
7577,0.02
19563,0.15
9599,0.14
14105,0.56
23554,0.5
9818,0.52
15633,0.79
16120,0.24
273,0.01
17535,0.3
15375,0.12
9397,0.75
11269,0.82
4467,0.84
17149,0.61
4,0.37
23236,0.84
9948,0.48
5103,0.05
8514,0.58
13508,0.83
24188,0.16
10089,0.28
23833,0.23
2935,0.99
7443,0.85
17684,0.01
15783,0.84
11377,0.16
10147,0.82
17492,0.89
17153,0.82
24469,0.12
25949,0.44
14961,0.99
19582,0.7
19361,0.57
26281,0.87
21210,0.6
4428,0.46
14577,0.49
17975,0.8
8927,0.41
23448,0.3
15309,0.4
23199,0.12
10657,0.5
23780,0.83
1152,0.71
937,0.66
5591,0.96
17261,0.06
4302,0.15
4143,0.95
20529,0.12
14522,0.63
9312,0.4
8107,0.12
7516,0.26
10138,0.47
12775,0.33
2763,0.84
5089,0.26
20254,0.4
8601,0.3
21344,0.63
2728,0.38
24896,0.12
13010,0.83
864,0.87
1764,0.83
17972,0.13
26155,0.25
2091,0.96
22612,0.57
3376,0.8
13011,0.36
5470,0.17
6901,0.89
24941,0.29
8246,0.75
7689,0.86
4098,0.22
757,0.62
21409,0.69
5483,0.35
22210,0.22
14756,0.79
17071,0.69
26595,0.53
11901,0.18
14579,0.61
22680,0.03
12959,0.51
19838,0.56
24237,0.89
9548,0.28
10384,0.67
10273,0.8
7479,0.65
11260,0.18
5309,0.47
2593,0.72
2338,0.2
13264,0.58
18732,0.91
20065,0.19
13823,0.25
11056,0.93
5492,0.2
4747,0.19
21932,0.86
9389,0.05
20109,0.36
12487,0.12
23443,0.86
14646,0.89
15975,0.04
16727,0.63
10653,0.42
11637,0.81
9327,0.58
5720,0.24
26282,0.12
20709,0.4
18903,0.14
6520,0.41
19844,0.35
24879,0.29
3973,0.77
13493,0.81
650,0.51
11277,0.75
20836,0.17
18268,0.71
18362,0.74
11807,0.53
11829,0.24
8513,0.74
10967,0.42
14741,0.18
21012,0.86
20640,0.51
20799,0.96
21582,0.25
7061,0.75
1968,0.53
5353,0.87
3244,0.46
13055,0.35
1564,0.17
22605,0.52
18421,0.58
8224,0.34
9832,0.92
24961,0.6
20814,0.6
17498,0.94
16942,0.04
20666,0.11
4407,0.98
24004,0.33
13813,0.73
5788,0.63
320,0.06
25488,0.99
21014,0.3
4780,0.95
6425,0.69
24012,0.72
14163,0.58
18198,0.21
7727,0.75
26695,0.73
3273,0.49
7490,0.22
23306,0.88
4298,0.09
18724,0.94
5895,0.2
14770,0.73
9163,0.41
24753,0.5
11963,0.34
12200,0.11
13733,0.4
6899,0.87
13892,0.4
24216,0.28
6027,0.2
11991,0.65
11243,0.75
24139,0.55
15446,0.91
8828,0.74
7771,0.06
8614,0.72
17976,0.26
22500,0.58
8510,0.81
20080,0.29
11849,0.58
10664,0.4
3302,0.93
19039,0.13
26696,0.54
6906,0.47
388,0.92
276,0.14
10344,0.15
15076,0.06
16981,0.86
3945,0.88
14982,0.14
5728,0.64
12902,0.72
11380,0.11
16466,0.44
1068,0.76
17720,0.77
15674,0.24
13867,0.7
17228,0.88
1775,0.53
4203,0.97
18897,0.06
7278,0.65
9184,0.97
16749,0.1
21723,0.21
16083,0.8
23533,0.3
18826,0.93
16134,0.23
10336,0.73
20339,0.86
24665,0.98
15804,0.86
1385,0.27
17744,0.45
218,0.72
20114,0
16144,0.58
2572,0.31
26414,0.21
3496,0.14
5112,0.26
11667,0.23
23413,0.14
8183,0.12
6645,0.62
7511,0.88
21132,0.87
8697,0.3
7932,0.17
7696,0.4
24432,0.27
16352,0.85
6232,0.82
5990,0.15
22039,0.45
18800,0.7
23041,0.13
11585,0.38
10285,0.65
15616,0.83
23773,0.03
24664,0.98
2492,0.8
11207,0.18
13073,0.96
3048,0.04
9414,0.94
21538,0.37
8630,1
319,0.95
17553,0.21
22095,0.14
11571,0.89
13515,0.98
10346,0.38
7535,0.69
7222,0.06
26506,0.95
12540,0.39
24554,0.06
8449,0.43
3810,0
15794,0.83
897,0.64
23999,0.56
15097,0.41
26669,0.44
11131,0.34
7972,0.53
15848,0.93
18454,0.2
12357,0.33
14509,0.38
8197,0.5
20850,0.85
23683,0.89
8445,0.33
22036,0.53
11141,0.14
9643,0.96
16488,0.43
2372,0.74
18306,0.3
21497,0.18
16589,0.27
13341,0.23
5736,0.77
8556,0.04
21878,0.85
24347,0.24
13237,0.66
14902,0.7
26523,0.01
19870,0.15
7416,0.22
25790,0.57
11387,0.08
11407,0.23
19102,0.83
18322,0.2
9323,0.26
18010,0.71
2955,0.34
25195,0.31
504,0.49
26449,0.67
21912,0.87
19205,0.76
21052,0.36
12949,0.68
11572,0.16
13089,0.91
9042,0.76
2846,0.57
5160,0.87
10,0.12
26068,0.07
11788,0.07
1182,0.01
5554,0.46
20159,0.38
7592,0.66
16903,0.2
16730,0.98
19645,0.57
1102,0.55
6382,0.49
9372,0.23
16979,0.97
6610,0.42
351,0.15
14385,0.56
26119,0.06
5744,0.46
1883,0.41
19578,0.94
22785,0.74
17073,0.85
20119,0.56
13129,0.1
12594,0.9
1238,0.81
19957,0.92
2623,0
12152,0.82
21598,0.87
8621,0.07
2100,0.41
2889,0.28
22177,0.51
19669,0.84
15456,0.74
21494,0.08
2985,0.74
174,0.12
20837,0.5
12751,0.87
5268,0.57
1706,0.32
21153,0.53
18042,0.26
11090,0.56
13126,0.95
21553,0.51
7028,0.54
3286,0.13
5302,0.68
14635,0.31
7530,0.07
3903,0.5
24071,0.59
13046,0.57
21864,0.68
18929,0.98
10049,0.25
8316,0.23
15852,0.68
23094,0.73
18321,0.87
12132,0.94
5857,0.2
15810,0.13
18271,0.86
18092,0.63
13541,0.49
6675,0.74
13024,0.81
9030,0.23
20051,0.04
11982,0.43
18504,0.9
22781,0.51
17568,0.62
8563,0.6
24558,0.74
25121,0.43
13962,0.9
5072,0.19
26110,0.82
11871,0.28
25517,0.83
10352,0.89
6732,0.47
12289,0.45
26536,0.87
24037,0.5
3862,0.53
17123,0.2
18940,0.69
234,0.77
180,0.63
6194,0.24
8448,0.35
13391,0.26
17817,0.71
19605,0.07
9283,0.78
2747,0.96
7619,0.73
15635,0.06
8341,0.12
21163,0.48
25815,0.43
3202,0.25
18879,0.13
19302,0.72
11486,0.23
25486,0.67
15799,0.64
7520,0.66
14057,0.94
26009,0.37
26743,0.74
12137,0.95
13785,0.02
17107,0.63
14140,0.7
40,0.79
23778,0.87
19775,0.45
4271,0.71
15803,0.82
3054,0.26
3851,0.07
21859,0.13
17414,0.18
1280,0.85
19655,0.25
20145,0.87
15594,0.37
21944,0.66
3156,0.75
19842,0.26
4901,0.27
13756,0.41
16527,0.46
26247,0.34
6631,0.46
543,0.5
3558,0.36
4333,0.66
12631,0.12
12394,0.01
7531,0.19
2256,0.09
19353,0.48
19548,0.68
14860,0.69
21911,0.76
5496,0.32
26745,0.88
23052,0.83
20422,0.53
5960,0.29
19093,0.36
4677,0.99
19689,0.7
24349,0.93
7189,0.46
5590,0.95
15784,0.75
15448,0.77
19875,0.12
26768,0.37
7098,0.96
2810,0.15
9289,0.47
21184,0.22
20894,0.26
22425,0.9
19640,0.47
13286,0.38
16930,0.67
5900,0.77
8463,0.76
23983,0.55
22440,0.4
4813,0.84
24363,0.89
1285,0.57
16799,0.23
20629,0.44
4415,0.35
5280,0.23
19411,0.26
18793,0.53
4191,0.56
1414,0.58
7985,0.93
736,0.68
22141,0.7
5284,0.4
19360,0.02
6905,0.17
22485,0.17
15690,0.17
15779,0.56
3714,0.04
10821,0.58
13587,0.39
7548,0.98
3878,0.23
19728,0.23
11870,0.27
5157,0.96
6125,0.26
4924,0.68
6931,0.28
9202,0.35
24748,0.37
16861,0.18
2527,0.99
7537,0.16
5427,0.94
14415,0.37
4554,0.14
16445,0.78
24251,0.02
21623,0.8
15798,0.72
15954,0.49
11307,0.09
24205,0.4
13299,0.04
16921,0.74
7304,0.87
12332,0.07
8244,0.89
16931,0.2
2551,0.89
19258,0.33
11971,0.52
26738,0.57
12343,0.2
5697,0.72
18684,0.18
17838,0.83
18961,0.05
8629,0.02
8962,0.78
20761,0.5
17085,0.92
3383,0.42
10620,0.33
26298,0.12
1522,0.96
14898,0.57
15391,0.51
22168,0.45
11838,0.52
16971,0.37
6776,0.68
1403,0.47
7669,0.73
12106,0.57
24050,0.78
2060,0.79
7594,0.74
15980,0.05
26107,0.34
1325,0.18
11758,0.34
25880,0.09
4791,0.1
18541,0.87
18559,0.58
5871,0.69
5218,0.9
14622,0.74
4600,0.28
26526,0.77
5435,0.34
20121,0.61
7828,0.34
348,0.62
16456,0.1
11924,0.7
13002,0.9
2968,0.52
16726,0.56
16421,0.79
25867,0.39
4388,0.87
9536,0.87
19321,0.43
7318,0.15
12862,0.42
11988,0.25
22496,0.08
15470,0.8
17685,0.69
17809,0.28
8540,0.19
18075,0.23
1202,0.21
25733,0.23
19335,0.75
13276,0.65
18970,0.47
24547,0.38
1023,0.73
20698,0.94
16620,0.3
611,0.86
26477,0.38
2506,0.9
20534,0.57
8626,0.53
6437,0.81
17650,0.68
22959,0.92
9196,0.66
26407,0.84
19878,0.05
22102,0.09
5760,0.23
3567,0.35
26319,0.61
15958,0.07
24623,0.08
11756,0.52
14594,0.7
15167,0.57
15728,0.17
22517,0.65
26354,0.68
11780,0.31
26330,0.06
14291,0.74
20999,0.16
7259,0.74
8067,0.63
10264,0.76
159,0.79
24301,0.19
14035,0.36
10366,0.82
11944,0.43
18575,0.84
18533,0.32
26643,0.81
26429,0.61
10017,0.32
20197,0.98
10760,0.65
14767,0.94
15921,0.24
10414,0.34
21448,0.31
25526,0.02
20301,0.51
9344,0.24
3279,0.41
7686,0.51
4202,0.02
11703,0.58
10842,0.55
22378,0.55
26490,0.65
6469,0.63
3218,0.21
8215,0.63
2208,0.89
9525,0.14
2397,0.61
22265,0.18
24828,0.54
15115,0.2
17985,0.24
1783,0
18590,0.38
5943,0.41
3756,0.92
6368,0.46
21806,0.42
20215,0.85
7235,0.74
6030,0.44
5275,0.42
4668,0.06
16796,0.51
21166,0.4
13522,0.61
6939,0.72
22142,0.53
26296,0.9
9985,0.67
2790,0.33
17942,0.55
17602,0.17
12914,0.42
19552,0.37
23242,0.53
165,0.87
1369,0.16
4039,0.8
23110,0.57
18189,0.86
18138,0.81
366,0.06
12227,0.69
21232,0.1
9767,0.2
4722,0.69
20777,0.14
9666,0.35
17883,0.2
12813,0.78
4469,0.81
7205,0.13
17481,0.52
5123,0.42
15532,0.75
1010,0.59
12948,0.2
12499,0.16
24702,0.24
22272,0.82
2835,0.01
19876,0.91
9875,0.47
9498,0.73
3478,0.83
16477,0.12
11722,0.41
2379,0.78
25771,0.3
19190,0.1
2073,0.39
20263,0.56
21019,0.34
26029,0.55
17526,0.1
3877,0.67
554,0.41
21906,0.24
14190,0.55
24917,0.03
20651,0.89
24649,0.27
12716,0.32
13358,0.21
21948,0.28
7460,0.78
18841,0.2
2309,0.53
24044,0.55
8255,0.9
5833,0.2
21612,0.97
26379,0.87
2868,0.01
1242,0.46
10870,0.44
15048,0.56
779,0.27
5039,0.8
2364,0.77
21187,0.75
14262,0.89
17622,0.76
6737,0.69
3406,0.71
13901,0.85
6986,0.99
20628,0.15
6907,0.21
2146,0.08
20544,0.28
22008,0.84
17473,0.99
17629,0.01
5486,0.5
3145,0.14
2699,0.66
16840,0.78
10497,0.55
6309,0.48
21350,0.28
9714,0.11
1437,0.25
15952,0.41
14601,0.6
24373,0.49
16853,0.53
12287,0.87
16937,0.43
810,0.3
9268,0.54
17703,0.07
8408,0.33
22816,0.89
3716,0.2
25370,0.36
10517,0.98
25647,0.56
7990,0.62
20354,0.3
20110,0.46
21046,0.23
7876,0.32
14604,0.67
11338,0
3760,0.89
289,0.92
21277,0.86
18394,0.74
15561,0.26
22867,0.92
20260,0.46
7159,0.17
9620,0.09
11823,0.04
10849,0.44
10876,0.14
6992,0.95
7249,0.62
11450,0.35
3013,0.7
21630,0.26
17598,0.6
17796,0.94
13630,0.27
5223,0.82
16553,0.34
2235,0.76
17060,0.58
23684,0.83
7208,0.57
17217,0.03
10416,0.62
2389,0.51
11734,0.43
18028,0.33
18766,0.29
16075,0.19
26625,0.93
20173,0.74
20493,0.73
1667,0.1
19559,0.13
22383,0.21
5037,0.05
1309,0.71
26442,0.17
15281,0.65
10832,0.82
185,0.88
8357,0.84
22449,0.2
21489,0.1
4263,0.86
8659,0.66
18239,0.13
9146,0.77
14042,0.96
1332,0.69
25502,0.2
3911,0.79
16838,0.59
5695,0.49
26050,0.89
2441,0.14
5814,0.9
14707,0.98
21534,0.59
6341,0.35
6438,0.52
19772,0.61
17912,0.82
19281,0.55
12051,0.87
25673,0.88
20768,0.08
7391,0.47
14519,0.78
20335,0.63
6655,0.78
8236,0.99
425,0.2
1763,0.05
18093,0.65
10246,0.88
24280,0.14
12700,0.81
12504,0.06
1540,0.72
24017,0.38
16742,1
7786,0.34
12744,0.38
18392,0.26
21205,0.88
21836,0.39
18412,0.09
20189,0.8
26791,0.97
14831,0.7
25215,0.51
1059,0.53
17734,0.31
6685,0.6
25307,0.5
2033,0.54
24873,0.95
8211,0.11
9392,0.03
5274,0.54
23899,0.14
6551,0.25
1855,0.83
1739,0.79
4763,0.62
12481,0.1
829,0.04
3489,0.27
17129,0.44
419,0.36
13841,0.28
9370,0.59
17495,0.25
13680,0.19
18699,0.71
19098,0.34
15741,0.33
18425,0.97
11543,0.57
3782,0.42
10564,0.08
20870,0.86
17777,0.03
23724,0.39
5827,0.91
21303,0.78
4348,0.58
11315,0.67
21742,0.62
20453,0.61
6872,0.84
6583,0.92
7122,0.43
20729,0.54
18140,0.98
26198,0.79
17951,0.73
9795,0.3
16787,0.56
19744,0.18
13525,0.26
4528,0.44
4371,0.31
14839,0.21
9640,0.95
11235,0.42
13038,0.19
8966,0.68
23252,0.59
21780,0.92
24674,0.89
12605,0.45
16519,0.35
10547,0.99
19863,0.87
19679,0.33
21546,0.85
24787,0.33
3394,0.44
4207,0.17
5691,0.37
18959,0.59
5807,0.55
26570,0.88
25775,0.63
19174,0.73
14183,0.08
24178,0.8
1592,0.01
26594,0.25
143,0.55
16346,0.02
4412,0.42
16522,0.83
19311,0.47
14988,0.97
24807,0.83
4038,0.18
19295,0.81
20751,0.33
1524,0.91
13582,0.54
3532,0.53
22293,0.36
21870,0.83
14977,0.27
7065,0.3
26241,0.87
22578,0.77
6146,0.66
6420,0.05
20017,0.61
8333,0.9
3505,0.61
13410,0.49
4603,0.3
16136,0.54
5380,0.73
1501,0.8
3484,0.59
12252,0.6
17105,0.19
17947,0.56
9568,0.77
20764,0.06
11638,0.46
11186,0.98
72,0.7
7267,0.04
21592,0.93
3193,0.98
24884,0.46
14829,0.2
24453,0.6
21535,0.45
15504,0.38
19660,0.01
23518,0.84
18356,0.25
25476,0.95
14892,0.14
26255,0.59
1779,0.57
11907,0.66
11170,0.36
14950,0.55
22919,0.36
23203,0.78
18427,0.08
16658,0.5
9982,0.16
25528,0.26
20286,0.88
19799,0.4
26650,0.12
6,0.31
17993,0.57
18257,0.03
1175,0.9
13512,0.56
13220,0.42
3364,0.65
583,0.24
21410,0.36
21974,1
3890,0.79
10357,0.34
14650,0.6
16334,0.19
21888,0.28
14684,0.32
18778,0.32
24695,0.21
15044,0.13
2584,0.14
7701,0.8
13215,1
12408,0.7
23695,0.38
18039,0.06
24115,0.35
16612,0.5
1650,0.19
25622,0.1
26045,0.79
7894,0.14
10507,0.47
16111,0.24
2454,0.75
5420,0.79
16248,0.31
15378,0.22
16567,0.14
5143,0.74
21083,0.67
382,0.4
26121,0.43
20084,0.71
18296,0.76
4872,0.25
12612,0.19
21018,0.87
11330,0.42
15792,0.2
8146,0.26
14184,0.39
23000,0.41
22128,0.21
17142,0.84
17010,0.78
11086,0.58
7340,0.01
18515,0.35
24051,0.69
17198,0.98
22160,0.74
10297,0.7
21463,0.56
8573,0.27
22957,0.58
11268,0.14
23658,0.92
9375,0
26720,0.02
18439,0.64
3462,0.44
23989,0.44
19094,0.51
23026,0.77
18567,0.18
4857,0.58
4904,0.79
26126,0.89
3688,0.29
13750,0.61
25389,0.57
23647,0.17
20417,0.28
406,0.48
15013,0.93
17030,0.52
9051,0.75
10687,0.43
26736,0.77
13021,0.2
18231,0.15
12718,0.38
2852,0.97
2196,0.68
10478,0.68
8451,0.7
24754,0.14
4846,0.43
24851,0.43
6617,0.85
14267,0.39
2568,0.59
13874,0.12
1399,0.85
4135,0.66
6316,0.68
6944,0.21
5478,0.13
5665,0.18
14715,0.44
3942,0.19
4832,0.7
20326,0.1
18727,0.95
16936,0.87
18718,0.36
16453,0.12
1138,0.73
12937,0.76
25408,0.1
22553,0.67
15607,0.34
7722,0.24
23050,0.95
15560,0.27
17548,0.03
13718,0.67
25726,0.81
12685,0.84
22484,0.99
1322,0.79
19770,0.91
9969,0.99
22481,0.86
5165,0.35
2963,0.05
3930,0.54
8684,0.63
15183,0.69
10103,0.58
24834,0.77
6804,0.24
11741,0.01
17562,0.42
3957,0.96
13321,0.59
10291,0.08
15272,0.13
23162,0.16
5387,0.81
3463,0.37
5093,0.29
3571,0.45
19160,0.78
23404,0.12
6643,0.27
2448,0.52
7655,0.48
8912,0.02
14836,0.21
10423,0.74
10691,0.37
26277,0.27
10323,0.65
8553,0.87
9558,0.73
7759,0.52
4284,0.3
21707,0.49
14254,0.35
26021,0.3
18607,0.5
11811,0.7
21450,0.87
3059,0.98
8980,0.93
5210,0.7
9892,0.6
21300,0.35
4323,0.44
22564,0.96
6630,0.16
14019,0.29
23,0.81
14960,0.21
14461,0.08
25387,0.13
4072,0.6
534,0.49
25395,0.63
20519,0.01
3263,0.89
1506,0.49
1587,0.76
22366,0.35
20988,0.5
6108,0.56
6045,0.74
20636,0.77
25787,0.97
7598,0.5
15141,0.07
13972,0.85
18346,0.07
10846,0.97
5248,0.83
18085,0.95
5717,0.11
16909,0.04
7993,0.12
5386,0.47
22189,0.69
23253,0.26
21233,0.48
23205,0.77
741,0.12
3772,0.13
1465,0.59
9840,0.88
2202,0.27
10451,0.76
14826,0.48
22832,0.56
14358,0.11
3199,0.34
15603,0.39
11414,0.1
15825,0.61
23363,0.36
6779,0.28
25501,0.06
11242,0.03
10221,0.77
11415,0.02
4643,0.88
3804,0.6
2814,0.72
13631,0.48
9681,0.79
3426,0.35
15820,0.38
805,0.64
11304,0.19
4940,0.96
25653,0.81
22625,0.88
19287,0.08
22268,0.54
15174,0.05
12817,0.14
12260,0.07
14608,0.17
7243,0.21
18850,0.65
22534,0.39
19023,0.62
18285,0.24
17000,0.12
16734,0.26
7275,0.23
8479,0.76
23613,0.86
346,0.97
3472,0.42
14106,0.47
10866,0.85
13095,0.04
21193,0.76
22200,0.87
21137,0.97
18456,0.3
1452,0.18
20077,0.49
21201,0.5
5451,0.09
15004,0.87
6408,0.31
20208,0.6
19458,0.57
16247,0.97
25681,0.4
8081,0.88
8248,0.32
11834,0.15
2521,0.22
24258,0.87
9823,0
13799,0.14
9043,0.49
14244,0.09
5480,0.31
23368,0.83
8076,0.83
9679,0.63
20271,0.67
2809,0.23
12455,0.1
21649,0.94
19198,0.72
22273,0.03
6087,0.2
14151,0.12
12302,0.3
18122,0.41
11660,0.43
7476,0.89
16077,0.8
14764,0.35
8957,0.51
20779,0.13
971,0.72
7880,0.96
18480,0.46
389,0.96
13479,0.91
24360,0.17
17440,0.42
217,0.31
516,0.86
15987,0.43
21604,0.99
25373,0.09
20203,0.8
21849,0.08
20898,0.97
24985,0.61
1981,0.78
12230,0.54
15279,0.39
12474,0.5
9276,0.16
10539,0.15
18091,0.32
7843,0.9
12997,0.75
6702,0.61
23848,0.46
19806,0.36
22795,0.27
7950,0.83
15694,0.26
3845,0.9
6227,0.26
26562,0.64
19824,0.47
22075,0.99
12360,0.98
8797,0.37
1689,0.21
18243,0.58
26434,0.28
9017,0.91
9847,0.14
8020,0.12
6177,0.02
9033,0.05
5084,0.51
11343,0.25
15094,0.17
8111,0.22
745,0.37
12370,0.02
14698,0.73
21022,0.35
18951,0.17
7141,0.92
22294,0.21
7157,0.88
4377,0.35
7181,0.28
7237,0.57
13285,0.1
24226,0.77
10054,0.33
15251,0
3874,0.14
21883,0.22
2036,0.94
375,0.11
23975,0
26317,0.29
13288,0.18
20930,0.92
20020,0.4
5751,0.64
6330,0.6
9668,0.38
11047,0.83
462,0.86
15038,0.45
10979,0.97
3517,0.89
19752,0.36
18611,0.99
9486,0.93
7610,0.85
1939,0.13
25834,0.16
9353,0.56
21495,0.66
14496,0.2
11350,0.49
2590,0.02
23401,0.62
25057,0.64
1379,0.3
9518,0.46
4800,0.9
25507,0.4
12929,0.56
12442,0.25
17800,0.38
22172,0.83
18792,0.62
3994,0.56
9431,0.35
8961,0.38
23648,0.31
18367,0.25
11430,0.98
15723,0.46
24344,0.44
16024,0.46
23102,0.97
22618,0.84
6793,0.69
23099,0.06
9471,0.53
9753,0.62
7369,0.17
9782,0.79
18288,0.42
9143,0.75
8078,0.06
26730,0.13
15866,0.83
19991,0.34
8663,0.8
22719,0.8
4491,0.51
1276,0.3
1485,0.32
25962,1
16387,0.69
13153,0.59
16683,0.45
24485,0.62
6523,0.05
4728,0.78
11981,0.41
18280,0.85
11112,0.52
12229,0.45
12908,0.61
3169,0.54
3894,0.51
20023,0.02
22296,0.77
25460,0.05
9166,0.45
18018,0.83
14758,0.38
16524,0
12660,0.09
9457,0.71
19580,0.31
760,0.76
16298,0.28
6221,0.07
10248,0.66
26073,0.74
11318,0.18
24059,0.55
10464,0.22
14862,0.47
9747,0.63
26173,0.11
22446,0.6
26795,0.99
6433,0.3
8212,0.51
2585,0.45
12089,0.04
18753,0.85
18155,0.33
9515,0.75
17766,0.99
18023,0.5
2128,0.43
6560,0.54
16096,0.76
22741,0.43
18405,0.55
850,0.05
18807,0.25
14744,0.97
22252,0.65
5028,0.11
19828,0.85
1374,0.12
6537,0.76
1436,0.78
6606,0.36
9616,0.79
1212,0.62
14998,0.94
23464,0.36
2068,0.95
22787,0.1
15225,0.78
22436,0.61
5738,0.53
7902,0.77
17829,0.85
17238,0.28
13596,0.68
874,0.38
11456,0.47
14783,0.7
7276,0.21
3006,0.52
14336,0.95
26135,0.33
16822,0.75
14724,0.18
11938,0.97
13464,0.28
1432,0.99
14342,0.17
23632,0.67
5425,0.54
20472,0.46
22704,0.18
5926,0.43
5317,0.43
5055,0.94
12345,0.73
26093,0.7
10145,0.89
2777,0.31
23228,0.13
25665,0.21
4226,0.64
12844,0.61
21697,0.62
22888,0.47
26115,0.83
10166,0.68
11463,0.04
4635,0.97
21746,0.91
19096,0.75
2671,0.18
10924,0.48
4928,0.96
19750,0.21
21515,0.41
23716,0.47
8258,0.14
9311,0.72
12667,0.61
22230,0.95
18284,0.57
3097,0.14
10804,0.37
2160,0.29
10966,0.99
21211,0.92
20673,0.28
1716,0.64
19592,0.19
19983,0.63
17130,0.89
17173,0.88
14399,0.34
19017,0.48
15163,0.71
12599,0.1
16616,0.86
19467,0.51
20153,0.2
2959,0.73
18498,0.27
22320,0.08
14710,0.4
18989,0.35
18473,0.05
26598,0.98
15203,0.17
13253,0.44
18790,0.09
14067,0.17
18867,0.07
10259,0.48
2552,0.39
15066,0.9
615,0.57
14295,0.42
1387,0.96
24316,0.72
13012,0.88
2362,0.53
11606,0.87
21891,0.11
18309,0.92
16393,0.85
25350,0.37
23058,0.08
7226,0.99
1489,0.06
10107,0.12
21861,0.86
17267,0.69
15946,0.97
19436,0.25
8952,0.42
13572,0.2
25575,0.85
19538,0.99
18599,0.21
25423,0.09
23646,0.21
7797,0.65
11739,0.06
487,0.9
4319,0.72
845,0.54
21662,0.32
3603,0.02
5718,0.49
8214,0.57
25241,0.24
4260,0.37
4742,0.35
9086,0.02
93,0.74
19530,0.63
26116,0.82
25455,0.6
7635,0.38
7077,0.02
19215,0.69
6789,0.12
18161,0.58
25073,0.48
25965,0.56
6725,0.93
18501,0.11
4127,0.15
7982,0.25
10929,0.36
26473,0.6
700,0.35
19568,0.26
20955,0.77
21028,0.31
25856,0.73
21718,0.6
3004,0.75
14901,0.79
4003,0.33
6220,0.43
9041,0.58
13047,0.74
1985,0.55
11754,0.22
21130,0.37
17842,0.93
12037,0.05
22469,0.55
3256,0.69
11885,0.38
7737,0.47
14572,0.55
14529,0.53
3245,0.25
21461,0.65
26047,0.23
5064,0.67
21275,0.91
22032,0.48
24544,0.82
22048,0.91
12078,0.27
22209,0.55
8213,0.52
20346,0.35
6231,0.51
20861,0.02
7177,0.76
11545,0.99
19893,0.25
26539,0.2
9379,0.85
16277,0.81
24418,0.06
19871,0.02
1608,0.91
22204,0.34
9426,0.49
15246,0.94
308,0.14
21852,0.27
8367,0.18
15060,0.7
8323,0.27
20903,0.36
15111,0.93
7609,0.72
4690,0.42
19109,0.92
16308,0.21
13503,0.87
17406,0.52
8002,0.62
4771,0.07
14113,0.44
13435,0.14
4724,0.5
23674,0.03
503,0.83
14973,0.54
17235,0.19
3268,0.98
14428,0.34
3289,0.04
10879,0.85
19340,0.86
16460,0.51
25953,0.84
1214,0.73
16231,0.87
4985,0.5
21366,0.01
21748,0.83
12652,0.21
12493,0.35
23109,0.86
26512,0.51
24403,0.82
10427,1
16638,0.38
11138,0.22
13597,0.64
25320,0.02
25849,0.53
2288,0.28
4474,0.46
16331,0.13
5046,0.25
21225,0.34
3850,0.97
15121,0.53
3055,0.61
13370,0.79
7842,0.5
19952,0.04
20645,0.7
24788,0.25
20403,0.45
11855,0.68
16989,0.53
6147,0.45
1777,0.65
13542,0.13
15139,0.07
13123,0.96
21712,0.32
9445,0.92
8832,0.21
22030,0.63
25060,0.22
680,0.17
19239,0.04
22096,0.25
26531,0.92
2993,0.57
848,0.76
1307,0.58
19597,0.69
22567,1
15359,0.14
4075,0.13
14391,0.38
9458,0.74
18652,0.52
17845,0.41
20497,0.67
6809,0.16
24994,0.3
3252,0.3
24252,0.62
19977,0.71
1974,0.72
20350,0.94
18633,0.11
14763,0.82
26031,0.29
22616,0.61
24976,0.31
17560,0.41
24343,0.87
3918,0.22
10340,0.02
6311,0.28
23636,0.8
3954,0.09
7555,0.81
8238,0.59
10048,0.12
8878,0.98
14869,0.52
23032,0.07
11529,0.32
10840,0.66
18036,0.27
24443,0.51
13943,0.68
21757,0.08
10034,0.28
14686,0.87
26701,0.96
20391,0.08
4183,0.89
15316,0.75
5409,0.11
23730,0.04
13249,0.04
22255,0.77
21918,0.26
11015,0.77
12743,0.38
952,0.73
26464,0.52
14282,0.93
8944,0.69
7191,0.71
15999,0.38
7227,0.04
19768,0.17
17896,0.7
24073,0.99
24495,0.97
17637,0.94
13731,0.56
12780,0.55
6778,0.63
2041,0.99
13625,0.38
15268,0.3
5008,0.07
14414,0.43
8999,0.44
7840,0.5
20538,0.8
15880,0.71
17082,0.55
18266,0.66
1646,0.74
13932,0.35
25508,0.57
3493,0.7
25233,0.23
24608,0.88
4836,0.41
801,0.66
4829,0.98
6526,0.32
10984,0.38
20292,0.79
20741,0.12
21754,0.78
16891,0.07
9300,0.82
2779,0.77
21590,0.63
5561,0.73
24116,0.27
22139,0.71
9958,0.79
1455,0.45
8347,0.68
6229,0.84
18894,0.69
12623,0.62
3790,0.36
16759,0.26
19865,0.7
8699,0.45
19025,0.28
5852,0.89
9147,0.14
25341,0.9
2275,0.12
1269,0.36
12536,0.9
3543,0.43
22980,0.17
25801,0.88
5217,0.72
13492,0.93
1308,0.6
26088,0.32
11949,0
4885,0.87
22644,0.36
2466,0.61
26588,0.56
317,0.15
24289,0.27
26503,0.44
17801,0.78
14359,0.57
5170,0.89
9339,0.09
12109,0.9
16577,0.91
6985,0.78
17618,0.85
2401,0.99
3277,0.79
18449,0.58
20355,0.88
15018,0.64
306,0.35
14983,0.67
6694,0.16
1998,0.39
17767,0.74
24109,0.5
18979,0.68
21370,0.53
1658,0.33
3209,0.23
18034,0.69
14521,0.03
4594,0.5
8148,0.14
236,0.06
7217,0.63
19283,0.21
7363,0.77
19627,0.68
19,0.48
17379,0.73
24986,0.76
23583,0.18
23662,0.32
107,0.78
14868,0.32
5183,0.4
14247,0.63
9618,0.3
8668,0.48
19783,0.46
11271,0.7
11764,0.19
3170,0.07
12450,0.96
3040,0.02
3350,0.61
11030,0.58
25019,0.22
7056,0.76
5095,0.73
9106,0.3
11150,0.33
13849,0.78
22877,0.44
5232,0.33
26406,0.51
24865,0.09
213,0.49
26524,0.19
9116,0.8
19310,0.1
14720,0.26
7224,0.03
13747,0.85
17857,0.74
22982,0.98
21296,0.1
23463,0
6516,0.54
4573,0.31
7315,0.72
24300,0.35
820,0.88
3649,0.38
20953,0.85
